1785419422, 0x00000100,  0x00000001,[PowerOn]Power on!
1785419422, 0x00000700,  0x00000001,Update 1/11: EthIPScanner: Start updating.
1785419422, 0x00000700,  0x00000001,EthIP Stask Info [Version: V1R2C1B21SPC0  Compile Time: Mar 24 2025]
1785419422, 0x00000700,  0x00000001,Update 2/11: EthIPScanner: cancel thread done
1785419422, 0x00000700,  0x00000001,Update 3/11: EthIPScanner: clear error done
1785419422, 0x00000700,  0x00000001,Update 4/11: EthIPScanner: update iotagslist done
1785419422, 0x00000700,  0x00000001,Update 5/11: EthIPScanner: update class3tagslist done
1785419422, 0x00000700,  0x00000001,Update 6/11: EthIPScanner: update ucmmtagslist done
1785419422, 0x00000700,  0x00000001,Update 7/11: EthIPScanner: update udtlist done
1785419422, 0x00000700,  0x00000001,Update 8/11: EthIPScanner: update class3udt done
1785419422, 0x00000700,  0x00000001,Update 9/11: EthIPScanner: update ucmmudt done
1785419422, 0x00000700,  0x00000001,Update 10/11: EthIPScanner: update protocol_flag done
1785419422, 0x00000700,  0x00000001,Update 11/11: EthIPScanner: End updating.
1785419422, 0x00000700,  0x00000001,Update 1/10: EthIPAdapter: Start updating.
1785419422, 0x00000700,  0x00000001,Update 2/10: EthIPAdapter: cancel thread done
1785419422, 0x00000700,  0x00000001,Update 3/10: EthIPAdapter: clear error done
1785419422, 0x00000700,  0x00000001,Update 4/10: EthIPAdapter: update iotagslist
1785419422, 0x00000700,  0x00000001,Update 5/10: EthIPAdapter: update explicitlist done
1785419422, 0x00000700,  0x00000001,Update 6/10: EthIPAdapter: update siotags done
1785419422, 0x00000700,  0x00000001,Update 7/10: EthIPAdapter: update udtlist done
1785419422, 0x00000700,  0x00000001,Update 8/10: EthIPAdapter: update explicit_udt done
1785419422, 0x00000700,  0x00000001,Update 9/10: EthIPAdapter: update scanningtag done
1785419422, 0x00000700,  0x00000001,Update 10/10: EthIPAdapter: update protocol_flag done
1785419422, 0x00000700,  0x00000001,Update 11/10: EthIPAdapter: End updating.
1785419425, 0x00000100,  0x00000001,[monitor]login event:0  route:1452
1785419425, 0x00000100,  0x00000001,[monitor]login event:1  route:1452
1785419426, 0x00000100,  0x00000001,Download project\project.hcpp start.
1785419426, 0x00000100,  0x00000001,Download project\project.hcpp finished.
1785419426, 0x00000100,  0x00000001,Download userprog.foid start.
1785419426, 0x00000100,  0x00000001,Download userprog.foid finished.
1785419426, 0x00000100,  0x00000001,Download stprog.o start.
1785419426, 0x00000100,  0x00000001,Download stprog.o finished.
1785419426, 0x00000100,  0x00000001,Download stuserprog.o start.
1785419426, 0x00000100,  0x00000001,Download stuserprog.o finished.
1785419426, 0x00000100,  0x00000001,Download symbol.sym start.
1785419426, 0x00000100,  0x00000001,Download symbol.sym finished.
1785419426, 0x00000100,  0x00000001,Download varsinfo.foid start.
1785419426, 0x00000100,  0x00000001,Download varsinfo.foid finished.
1785419426, 0x00000100,  0x00000001,Download syscfg.foid start.
1785419426, 0x00000100,  0x00000001,Download syscfg.foid finished.
1785419426, 0x00000100,  0x00000001,Download ethercat.foid start.
1785419426, 0x00000100,  0x00000001,Download ethercat.foid finished.
1785419426, 0x00000100,  0x00000001,Download modbus.foid start.
1785419426, 0x00000100,  0x00000001,Download modbus.foid finished.
1785419426, 0x00000100,  0x00000001,Download canlink.foid start.
1785419426, 0x00000100,  0x00000001,Download canlink.foid finished.
1785419426, 0x00000100,  0x00000001,Download modcfg.foid start.
1785419426, 0x00000100,  0x00000001,Download modcfg.foid finished.
1785419426, 0x00000100,  0x00000001,Download ethip.foid start.
1785419426, 0x00000100,  0x00000001,Download ethip.foid finished.
1785419426, 0x00000100,  0x00000001,Download EIPIns.foid start.
1785419426, 0x00000100,  0x00000001,Download EIPIns.foid finished.
1785419426, 0x00000100,  0x00000001,Download ecttrans.foid start.
1785419426, 0x00000100,  0x00000001,Download ecttrans.foid finished.
1785419426, 0x00000100,  0x00000001,Download dataLog.foid start.
1785419426, 0x00000100,  0x00000001,Download dataLog.foid finished.
1785419426, 0x00000100,  0x00000001,Download OpcUAServer.foid start.
1785419426, 0x00000100,  0x00000001,Download OpcUAServer.foid finished.
1785419426, 0x00000100,  0x00000001,Download sftpserver.foid start.
1785419426, 0x00000100,  0x00000001,Download sftpserver.foid finished.
1785419426, 0x00000100,  0x00000001,Download Ecam.foid start.
1785419426, 0x00000100,  0x00000001,Download Ecam.foid finished.
1785419426, 0x00000700,  0x00000001,Hook 1/2: EthIPScanner: Start hook event 3.
1785419426, 0x00000700,  0x00000001,Hook 2/2: EthIPScanner: End hook event 3.
1785419426, 0x00000700,  0x00000001,Hook 1/2: EthIPAdapter: Start hook event 3.
1785419426, 0x00000700,  0x00000001,Hook 2/2: EthIPAdapter: End hook event 3.
1785419426, 0x00000100,  0x00000001,[monitor]login event:2  route:1452
1785419427, 0x00000100,  0x00000001,run status changed to RUN!!! because of control word.
1785419427, 0x00000600,  0x00000001,EtherCAT: update ecat start.
1785419427, 0x00000600,  0x00000001,EtherCAT: Start to get config data.
1785419427, 0x00000600,  0x00000001,EtherCAT:etc_first_updateconfig 
1785419427, 0x00000600,  0x00000001,EtherCAT: Cycle time is 4000 us.
1785419427, 0x00000600,  0x00000001,EtherCAT: There are 0 slave(s) configured.
1785419427, 0x00000600,  0x00000001,EtherCAT: offset time is 0.500000 us.
1785419427, 0x00000600,  0x00000001,EtherCAT: Get config data finished.
1785419427, 0x00000601,  0x00000001,MC Axis:Start to get configure data
1785419427, 0x00000601,  0x00000001,MC Axis:Finished! There are 0 axis(es)
1785419427, 0x00000601,  0x00000001,MC Group:Finished! There are 0 axes group(s)
1785419427, 0x00000700,  0x00000001,Update 1/11: EthIPScanner: Start updating.
1785419427, 0x00000700,  0x00000001,EthIP Stask Info [Version: V1R2C1B21SPC0  Compile Time: Mar 24 2025]
1785419427, 0x00000700,  0x00000001,Update 2/11: EthIPScanner: cancel thread done
1785419427, 0x00000700,  0x00000001,Update 3/11: EthIPScanner: clear error done
1785419427, 0x00000700,  0x00000001,Update 4/11: EthIPScanner: update iotagslist done
1785419427, 0x00000700,  0x00000001,Update 5/11: EthIPScanner: update class3tagslist done
1785419427, 0x00000700,  0x00000001,Update 6/11: EthIPScanner: update ucmmtagslist done
1785419427, 0x00000700,  0x00000001,Update 7/11: EthIPScanner: update udtlist done
1785419427, 0x00000700,  0x00000001,Update 8/11: EthIPScanner: update class3udt done
1785419427, 0x00000700,  0x00000001,Update 9/11: EthIPScanner: update ucmmudt done
1785419427, 0x00000700,  0x00000001,Update 10/11: EthIPScanner: update protocol_flag done
1785419427, 0x00000700,  0x00000001,Update 11/11: EthIPScanner: End updating.
1785419427, 0x00000700,  0x00000001,Update 1/10: EthIPAdapter: Start updating.
1785419427, 0x00000700,  0x00000001,Update 2/10: EthIPAdapter: cancel thread done
1785419427, 0x00000700,  0x00000001,Update 3/10: EthIPAdapter: clear error done
1785419427, 0x00000700,  0x00000001,Update 4/10: EthIPAdapter: update iotagslist
1785419427, 0x00000700,  0x00000001,Update 5/10: EthIPAdapter: update explicitlist done
1785419427, 0x00000700,  0x00000001,Update 6/10: EthIPAdapter: update siotags done
1785419427, 0x00000700,  0x00000001,Update 7/10: EthIPAdapter: update udtlist done
1785419427, 0x00000700,  0x00000001,Update 8/10: EthIPAdapter: update explicit_udt done
1785419427, 0x00000700,  0x00000001,Update 9/10: EthIPAdapter: update scanningtag done
1785419427, 0x00000700,  0x00000001,Update 10/10: EthIPAdapter: update protocol_flag done
1785419427, 0x00000700,  0x00000001,Update 11/10: EthIPAdapter: End updating.
1785419427, 0x00000100,  0x00000001,[FirstRun]:Mem-Variables load begin.
1785419427, 0x00000100,  0x00000001,[FirstRun]:Mem-Variables load finished.
1785419427, 0x00000600,  0x00000001,EtherCAT: Received run command.
1785419427, 0x00000700,  0x00000001,Hook 1/2: EthIPScanner: Start hook event 1.
1785419427, 0x00000700,  0x00000001,Hook run 1/4: EthIPScanner: CMP_EVT_RUN
1785419427, 0x00000700,  0x00000001,Update 1/2: EthIPScanner: update cipudtlist done
1785419427, 0x00000700,  0x00000001,Update 2/2: EthIPScanner: update cipexplicittag done
1785419427, 0x00000700,  0x00000001,Hook run 2/4: EthIPScanner: update cip config ret 0
1785419427, 0x00000700,  0x00000001,EipStackCt 1/2: EthIPScanner: Start create stack
1785419427, 0x00000600,  0x00000001,EtherCAT: Start to register master.
1785419427, 0x00000700,  0x00000001,EipStackCt 2/2: EthIPScanner: bind eth index 0 ip: 0.
1785419427, 0x00000700,  0x00000001,EipStackCt 2/2: EthIPScanner: EtIPClaimHostIPAddress failed.
1785419427, 0x00000700,  0x00000001,EipStackCt 2/2: EthIPScanner: End create stack
1785419427, 0x00000700,  0x00000001,Hook run 3/4: EthIPScanner: create stack done
1785419427, 0x00000700,  0x00000001,Hook run 4/4: EthIPScanner: create thread done
1785419427, 0x00000700,  0x00000001,Hook 2/2: EthIPScanner: End hook event 1.
1785419427, 0x00000700,  0x00000001,Hook 1/2: EthIPAdapter: Start hook event 1.
1785419427, 0x00000700,  0x00000001,Hook run 1/3: EthIPAdapter: CMP_EVT_RUN
1785419427, 0x00000700,  0x00000001,Hook run 2/3: EthIPAdapter: Register scanningtag
1785419427, 0x00000700,  0x00000001,Hook run 3/3: EthIPAdapter: create thread done
1785419427, 0x00000700,  0x00000001,Hook 2/2: EthIPAdapter: End hook event 1.
1785419427, 0x00000700,  0x00000001,ThreadRun 1/2: EthIPScanner: Start running stack
1785419427, 0x00000700,  0x00000001,Hook 1/2: EthIPScanner: Start hook event 4.
1785419427, 0x00000700,  0x00000001,Hook 2/2: EthIPScanner: End hook event 4.
1785419427, 0x00000700,  0x00000001,Hook 1/2: EthIPAdapter: Start hook event 4.
1785419427, 0x00000700,  0x00000001,Hook 2/2: EthIPAdapter: End hook event 4.
1785419427, 0x00000000,  0x00000002,Warning 6706 at 8563(0x2173).
1785419427, 0x00000700,  0x00000001,ThreadRun 1/2: EthIPScanner: Start eventDeal thread
1785419427, 0x00000600,  0x00000001,EtherCAT: Master Active
1785419527, 0x00000100,  0x00000001,Power off (simu)!
1785419527, 0x00000100,  0x00000001,run status changed to STOP!!! because of control word.
1785419528, 0x00000600,  0x00000001,EtherCAT: Received stop command.
1785419528, 0x00000700,  0x00000001,Hook 1/2: EthIPScanner: Start hook event 0.
1785419528, 0x00000700,  0x00000001,Hook stop 1/3: EthIPScanner: CMP_EVT_STOP
1785419528, 0x00000700,  0x00000001,Hook stop 2/3: EthIPScanner: cancel thread done
1785419528, 0x00000700,  0x00000001,Hook stop 3/3: EthIPScanner: clear error done
1785419528, 0x00000700,  0x00000001,Hook 2/2: EthIPScanner: End hook event 0.
1785419528, 0x00000700,  0x00000001,Hook 1/2: EthIPAdapter: Start hook event 0.
1785419528, 0x00000700,  0x00000001,Hook stop 1/5: EthIPAdapter: CMP_EVT_STOP
1785419528, 0x00000700,  0x00000001,Hook stop 2/5: EthIPAdapter: cancel thread done
1785419528, 0x00000700,  0x00000001,EipStackDlt 1/3: EthIPScanner: Start delete stack
1785419528, 0x00000700,  0x00000001,ThreadRun 2/2: EthIPScanner: End running stack
1785419528, 0x00000700,  0x00000001,ThreadRun 2/2: EthIPScanner: end eventDeal thread
1785419528, 0x00000600,  0x00000001,EtherCAT: allowblock run_cmd_1=0
1785419528, 0x00000600,  0x00000001,ECT_STATE_RUN_2_IDLE 0
1785419528, 0x00000600,  0x00000001,EtherCAT: Stop master
1785419528, 0x00000600,  0x00000001,EtherCAT: Stop master finished.
1785419528, 0x00000700,  0x00000001,EipStackDlt 2/3: EthIPScanner: EtIPScannerStop done
1785419528, 0x00000700,  0x00000001,EipStackDlt 2/3: EthIPScanner: eventcallback_Thread task stop
1785419528, 0x00000700,  0x00000001,EipStackDlt 3/3: EthIPScanner: End delete stack
1785419528, 0x00000700,  0x00000001,Hook stop 3/5: EthIPAdapter: delete stack done
1785419528, 0x00000700,  0x00000001,Hook stop 4/5: EthIPAdapter: clear adapter error done
1785419528, 0x00000700,  0x00000001,Hook stop 5/5: EthIPAdapter: clear scanner error done
1785419528, 0x00000700,  0x00000001,Hook 2/2: EthIPAdapter: End hook event 0.
1785419528, 0x00000100,  0x00000001,[Powerdown]:Run switch to stop time: 30ms.
1785419528, 0x00000100,  0x00000001,[Powerdown]:Variables data save begin.
1785419528, 0x00000100,  0x00000001,[Powerdown]:Variables data save finished.
1785419563, 0x00000100,  0x00000001,[monitor]login event:0  route:1500
1785419563, 0x00000100,  0x00000001,[monitor]login event:1  route:1500
1785419564, 0x00000100,  0x00000001,Download project\project.hcpp start.
1785419564, 0x00000100,  0x00000001,Download project\project.hcpp finished.
1785419564, 0x00000100,  0x00000001,Download userprog.foid start.
1785419564, 0x00000100,  0x00000001,Download userprog.foid finished.
1785419564, 0x00000100,  0x00000001,Download stprog.o start.
1785419564, 0x00000100,  0x00000001,Download stprog.o finished.
1785419564, 0x00000100,  0x00000001,Download stuserprog.o start.
1785419564, 0x00000100,  0x00000001,Download stuserprog.o finished.
1785419564, 0x00000100,  0x00000001,Download symbol.sym start.
1785419564, 0x00000100,  0x00000001,Download symbol.sym finished.
1785419564, 0x00000100,  0x00000001,Download varsinfo.foid start.
1785419564, 0x00000100,  0x00000001,Download varsinfo.foid finished.
1785419564, 0x00000100,  0x00000001,Download syscfg.foid start.
1785419564, 0x00000100,  0x00000001,Download syscfg.foid finished.
1785419564, 0x00000100,  0x00000001,Download ethercat.foid start.
1785419564, 0x00000100,  0x00000001,Download ethercat.foid finished.
1785419564, 0x00000100,  0x00000001,Download modbus.foid start.
1785419564, 0x00000100,  0x00000001,Download modbus.foid finished.
1785419564, 0x00000100,  0x00000001,Download canlink.foid start.
1785419564, 0x00000100,  0x00000001,Download canlink.foid finished.
1785419564, 0x00000100,  0x00000001,Download modcfg.foid start.
1785419564, 0x00000100,  0x00000001,Download modcfg.foid finished.
1785419564, 0x00000100,  0x00000001,Download ethip.foid start.
1785419564, 0x00000100,  0x00000001,Download ethip.foid finished.
1785419564, 0x00000100,  0x00000001,Download EIPIns.foid start.
1785419564, 0x00000100,  0x00000001,Download EIPIns.foid finished.
1785419564, 0x00000100,  0x00000001,Download ecttrans.foid start.
1785419564, 0x00000100,  0x00000001,Download ecttrans.foid finished.
1785419564, 0x00000100,  0x00000001,Download dataLog.foid start.
1785419564, 0x00000100,  0x00000001,Download dataLog.foid finished.
1785419564, 0x00000100,  0x00000001,Download OpcUAServer.foid start.
1785419564, 0x00000100,  0x00000001,Download OpcUAServer.foid finished.
1785419564, 0x00000100,  0x00000001,Download sftpserver.foid start.
1785419564, 0x00000100,  0x00000001,Download sftpserver.foid finished.
1785419564, 0x00000100,  0x00000001,Download Ecam.foid start.
1785419564, 0x00000100,  0x00000001,Download Ecam.foid finished.
1785419564, 0x00000000,  0x00000001,Clean current error records.
1785419564, 0x00000700,  0x00000001,Hook 1/2: EthIPScanner: Start hook event 3.
1785419564, 0x00000700,  0x00000001,Hook 2/2: EthIPScanner: End hook event 3.
1785419564, 0x00000700,  0x00000001,Hook 1/2: EthIPAdapter: Start hook event 3.
1785419564, 0x00000700,  0x00000001,Hook 2/2: EthIPAdapter: End hook event 3.
1785419564, 0x00000100,  0x00000001,[monitor]login event:2  route:1500
1785419565, 0x00000100,  0x00000001,run status changed to RUN!!! because of control word.
1785419565, 0x00000600,  0x00000001,EtherCAT: update ecat start.
1785419565, 0x00000600,  0x00000001,EtherCAT: Start to get config data.
1785419565, 0x00000600,  0x00000001,EtherCAT: Cycle time is 4000 us.
1785419565, 0x00000600,  0x00000001,EtherCAT: There are 0 slave(s) configured.
1785419565, 0x00000600,  0x00000001,EtherCAT: offset time is 0.500000 us.
1785419565, 0x00000600,  0x00000001,EtherCAT: Get config data finished.
1785419565, 0x00000601,  0x00000001,MC Axis:Start to get configure data
1785419565, 0x00000601,  0x00000001,MC Axis:Finished! There are 0 axis(es)
1785419565, 0x00000601,  0x00000001,MC Group:Finished! There are 0 axes group(s)
1785419565, 0x00000700,  0x00000001,Update 1/11: EthIPScanner: Start updating.
1785419565, 0x00000700,  0x00000001,EthIP Stask Info [Version: V1R2C1B21SPC0  Compile Time: Mar 24 2025]
1785419565, 0x00000700,  0x00000001,Update 2/11: EthIPScanner: cancel thread done
1785419565, 0x00000700,  0x00000001,Update 3/11: EthIPScanner: clear error done
1785419565, 0x00000700,  0x00000001,Update 4/11: EthIPScanner: update iotagslist done
1785419565, 0x00000700,  0x00000001,Update 5/11: EthIPScanner: update class3tagslist done
1785419565, 0x00000700,  0x00000001,Update 6/11: EthIPScanner: update ucmmtagslist done
1785419565, 0x00000700,  0x00000001,Update 7/11: EthIPScanner: update udtlist done
1785419565, 0x00000700,  0x00000001,Update 8/11: EthIPScanner: update class3udt done
1785419565, 0x00000700,  0x00000001,Update 9/11: EthIPScanner: update ucmmudt done
1785419565, 0x00000700,  0x00000001,Update 10/11: EthIPScanner: update protocol_flag done
1785419565, 0x00000700,  0x00000001,Update 11/11: EthIPScanner: End updating.
1785419565, 0x00000700,  0x00000001,Update 1/10: EthIPAdapter: Start updating.
1785419565, 0x00000700,  0x00000001,Update 2/10: EthIPAdapter: cancel thread done
1785419565, 0x00000700,  0x00000001,Update 3/10: EthIPAdapter: clear error done
1785419565, 0x00000700,  0x00000001,Update 4/10: EthIPAdapter: update iotagslist
1785419565, 0x00000700,  0x00000001,Update 5/10: EthIPAdapter: update explicitlist done
1785419565, 0x00000700,  0x00000001,Update 6/10: EthIPAdapter: update siotags done
1785419565, 0x00000700,  0x00000001,Update 7/10: EthIPAdapter: update udtlist done
1785419565, 0x00000700,  0x00000001,Update 8/10: EthIPAdapter: update explicit_udt done
1785419565, 0x00000700,  0x00000001,Update 9/10: EthIPAdapter: update scanningtag done
1785419565, 0x00000700,  0x00000001,Update 10/10: EthIPAdapter: update protocol_flag done
1785419565, 0x00000700,  0x00000001,Update 11/10: EthIPAdapter: End updating.
1785419565, 0x00000100,  0x00000001,[FirstRun]:Mem-Variables load begin.
1785419565, 0x00000100,  0x00000001,[FirstRun]:Mem-Variables load finished.
1785419565, 0x00000600,  0x00000001,EtherCAT: Received run command.
1785419565, 0x00000700,  0x00000001,Hook 1/2: EthIPScanner: Start hook event 1.
1785419565, 0x00000700,  0x00000001,Hook run 1/4: EthIPScanner: CMP_EVT_RUN
1785419565, 0x00000700,  0x00000001,Update 1/2: EthIPScanner: update cipudtlist done
1785419565, 0x00000700,  0x00000001,Update 2/2: EthIPScanner: update cipexplicittag done
1785419565, 0x00000700,  0x00000001,Hook run 2/4: EthIPScanner: update cip config ret 0
1785419565, 0x00000700,  0x00000001,EipStackCt 1/2: EthIPScanner: Start create stack
1785419565, 0x00000700,  0x00000001,EipStackCt 2/2: EthIPScanner: bind eth index 0 ip: 0.
1785419565, 0x00000700,  0x00000001,EipStackCt 2/2: EthIPScanner: EtIPClaimHostIPAddress failed.
1785419565, 0x00000700,  0x00000001,EipStackCt 2/2: EthIPScanner: End create stack
1785419565, 0x00000700,  0x00000001,Hook run 3/4: EthIPScanner: create stack done
1785419565, 0x00000700,  0x00000001,Hook run 4/4: EthIPScanner: create thread done
1785419565, 0x00000700,  0x00000001,Hook 2/2: EthIPScanner: End hook event 1.
1785419565, 0x00000700,  0x00000001,Hook 1/2: EthIPAdapter: Start hook event 1.
1785419565, 0x00000700,  0x00000001,Hook run 1/3: EthIPAdapter: CMP_EVT_RUN
1785419565, 0x00000700,  0x00000001,Hook run 2/3: EthIPAdapter: Register scanningtag
1785419565, 0x00000700,  0x00000001,Hook run 3/3: EthIPAdapter: create thread done
1785419565, 0x00000700,  0x00000001,Hook 2/2: EthIPAdapter: End hook event 1.
1785419565, 0x00000700,  0x00000001,Hook 1/2: EthIPScanner: Start hook event 4.
1785419565, 0x00000700,  0x00000001,Hook 2/2: EthIPScanner: End hook event 4.
1785419565, 0x00000700,  0x00000001,Hook 1/2: EthIPAdapter: Start hook event 4.
1785419565, 0x00000700,  0x00000001,Hook 2/2: EthIPAdapter: End hook event 4.
1785419565, 0x00000000,  0x00000002,Warning 6706 at 8563(0x2173).
1785419565, 0x00000700,  0x00000001,ThreadRun 1/2: EthIPScanner: Start running stack
1785419565, 0x00000700,  0x00000001,ThreadRun 1/2: EthIPScanner: Start eventDeal thread
1785419565, 0x00000600,  0x00000001,EtherCAT: Start to register master.
1785419565, 0x00000600,  0x00000001,EtherCAT: Master Active
1785419587, 0x00000100,  0x00000001,Power off (simu)!
1785419587, 0x00000100,  0x00000001,run status changed to STOP!!! because of control word.
1785419587, 0x00000600,  0x00000001,EtherCAT: Received stop command.
1785419587, 0x00000700,  0x00000001,Hook 1/2: EthIPScanner: Start hook event 0.
1785419587, 0x00000700,  0x00000001,Hook stop 1/3: EthIPScanner: CMP_EVT_STOP
1785419587, 0x00000700,  0x00000001,Hook stop 2/3: EthIPScanner: cancel thread done
1785419587, 0x00000700,  0x00000001,Hook stop 3/3: EthIPScanner: clear error done
1785419587, 0x00000700,  0x00000001,Hook 2/2: EthIPScanner: End hook event 0.
1785419587, 0x00000700,  0x00000001,Hook 1/2: EthIPAdapter: Start hook event 0.
1785419587, 0x00000700,  0x00000001,Hook stop 1/5: EthIPAdapter: CMP_EVT_STOP
1785419587, 0x00000700,  0x00000001,Hook stop 2/5: EthIPAdapter: cancel thread done
1785419587, 0x00000700,  0x00000001,EipStackDlt 1/3: EthIPScanner: Start delete stack
1785419587, 0x00000600,  0x00000001,EtherCAT: allowblock run_cmd_1=0
1785419587, 0x00000700,  0x00000001,ThreadRun 2/2: EthIPScanner: End running stack
1785419587, 0x00000700,  0x00000001,ThreadRun 2/2: EthIPScanner: end eventDeal thread
1785419587, 0x00000600,  0x00000001,ECT_STATE_RUN_2_IDLE 0
1785419587, 0x00000600,  0x00000001,EtherCAT: Stop master
1785419587, 0x00000600,  0x00000001,EtherCAT: Stop master finished.
1785419587, 0x00000700,  0x00000001,EipStackDlt 2/3: EthIPScanner: EtIPScannerStop done
1785419587, 0x00000700,  0x00000001,EipStackDlt 2/3: EthIPScanner: eventcallback_Thread task stop
1785419587, 0x00000700,  0x00000001,EipStackDlt 3/3: EthIPScanner: End delete stack
1785419587, 0x00000700,  0x00000001,Hook stop 3/5: EthIPAdapter: delete stack done
1785419587, 0x00000700,  0x00000001,Hook stop 4/5: EthIPAdapter: clear adapter error done
1785419587, 0x00000700,  0x00000001,Hook stop 5/5: EthIPAdapter: clear scanner error done
1785419587, 0x00000700,  0x00000001,Hook 2/2: EthIPAdapter: End hook event 0.
1785419587, 0x00000100,  0x00000001,[Powerdown]:Run switch to stop time: 20ms.
1785419587, 0x00000100,  0x00000001,[Powerdown]:Variables data save begin.
1785419587, 0x00000100,  0x00000001,[Powerdown]:Variables data save finished.
1785419600, 0x00000100,  0x00000001,[monitor]login event:0  route:1732
1785419600, 0x00000100,  0x00000001,[monitor]login event:1  route:1732
1785419601, 0x00000100,  0x00000001,Download project\project.hcpp start.
1785419601, 0x00000100,  0x00000001,Download project\project.hcpp finished.
1785419601, 0x00000100,  0x00000001,Download userprog.foid start.
1785419601, 0x00000100,  0x00000001,Download userprog.foid finished.
1785419601, 0x00000100,  0x00000001,Download stprog.o start.
1785419601, 0x00000100,  0x00000001,Download stprog.o finished.
1785419601, 0x00000100,  0x00000001,Download stuserprog.o start.
1785419601, 0x00000100,  0x00000001,Download stuserprog.o finished.
1785419601, 0x00000100,  0x00000001,Download symbol.sym start.
1785419601, 0x00000100,  0x00000001,Download symbol.sym finished.
1785419601, 0x00000100,  0x00000001,Download varsinfo.foid start.
1785419601, 0x00000100,  0x00000001,Download varsinfo.foid finished.
1785419601, 0x00000100,  0x00000001,Download syscfg.foid start.
1785419601, 0x00000100,  0x00000001,Download syscfg.foid finished.
1785419601, 0x00000100,  0x00000001,Download ethercat.foid start.
1785419601, 0x00000100,  0x00000001,Download ethercat.foid finished.
1785419601, 0x00000100,  0x00000001,Download modbus.foid start.
1785419601, 0x00000100,  0x00000001,Download modbus.foid finished.
1785419601, 0x00000100,  0x00000001,Download canlink.foid start.
1785419601, 0x00000100,  0x00000001,Download canlink.foid finished.
1785419601, 0x00000100,  0x00000001,Download modcfg.foid start.
1785419601, 0x00000100,  0x00000001,Download modcfg.foid finished.
1785419601, 0x00000100,  0x00000001,Download ethip.foid start.
1785419601, 0x00000100,  0x00000001,Download ethip.foid finished.
1785419601, 0x00000100,  0x00000001,Download EIPIns.foid start.
1785419601, 0x00000100,  0x00000001,Download EIPIns.foid finished.
1785419601, 0x00000100,  0x00000001,Download ecttrans.foid start.
1785419601, 0x00000100,  0x00000001,Download ecttrans.foid finished.
1785419601, 0x00000100,  0x00000001,Download dataLog.foid start.
1785419601, 0x00000100,  0x00000001,Download dataLog.foid finished.
1785419601, 0x00000100,  0x00000001,Download OpcUAServer.foid start.
1785419601, 0x00000100,  0x00000001,Download OpcUAServer.foid finished.
1785419601, 0x00000100,  0x00000001,Download sftpserver.foid start.
1785419601, 0x00000100,  0x00000001,Download sftpserver.foid finished.
1785419601, 0x00000100,  0x00000001,Download Ecam.foid start.
1785419601, 0x00000100,  0x00000001,Download Ecam.foid finished.
1785419601, 0x00000000,  0x00000001,Clean current error records.
1785419601, 0x00000700,  0x00000001,Hook 1/2: EthIPScanner: Start hook event 3.
1785419601, 0x00000700,  0x00000001,Hook 2/2: EthIPScanner: End hook event 3.
1785419601, 0x00000700,  0x00000001,Hook 1/2: EthIPAdapter: Start hook event 3.
1785419601, 0x00000700,  0x00000001,Hook 2/2: EthIPAdapter: End hook event 3.
1785419601, 0x00000100,  0x00000001,[monitor]login event:2  route:1732
1785419602, 0x00000100,  0x00000001,run status changed to RUN!!! because of control word.
1785419602, 0x00000600,  0x00000001,EtherCAT: update ecat start.
1785419602, 0x00000600,  0x00000001,EtherCAT: Start to get config data.
1785419602, 0x00000600,  0x00000001,EtherCAT: Cycle time is 4000 us.
1785419602, 0x00000600,  0x00000001,EtherCAT: There are 0 slave(s) configured.
1785419602, 0x00000600,  0x00000001,EtherCAT: offset time is 0.500000 us.
1785419602, 0x00000600,  0x00000001,EtherCAT: Get config data finished.
1785419602, 0x00000601,  0x00000001,MC Axis:Start to get configure data
1785419602, 0x00000601,  0x00000001,MC Axis:Finished! There are 0 axis(es)
1785419602, 0x00000601,  0x00000001,MC Group:Finished! There are 0 axes group(s)
1785419602, 0x00000700,  0x00000001,Update 1/11: EthIPScanner: Start updating.
1785419602, 0x00000700,  0x00000001,EthIP Stask Info [Version: V1R2C1B21SPC0  Compile Time: Mar 24 2025]
1785419602, 0x00000700,  0x00000001,Update 2/11: EthIPScanner: cancel thread done
1785419602, 0x00000700,  0x00000001,Update 3/11: EthIPScanner: clear error done
1785419602, 0x00000700,  0x00000001,Update 4/11: EthIPScanner: update iotagslist done
1785419602, 0x00000700,  0x00000001,Update 5/11: EthIPScanner: update class3tagslist done
1785419602, 0x00000700,  0x00000001,Update 6/11: EthIPScanner: update ucmmtagslist done
1785419602, 0x00000700,  0x00000001,Update 7/11: EthIPScanner: update udtlist done
1785419602, 0x00000700,  0x00000001,Update 8/11: EthIPScanner: update class3udt done
1785419602, 0x00000700,  0x00000001,Update 9/11: EthIPScanner: update ucmmudt done
1785419602, 0x00000700,  0x00000001,Update 10/11: EthIPScanner: update protocol_flag done
1785419602, 0x00000700,  0x00000001,Update 11/11: EthIPScanner: End updating.
1785419602, 0x00000700,  0x00000001,Update 1/10: EthIPAdapter: Start updating.
1785419602, 0x00000700,  0x00000001,Update 2/10: EthIPAdapter: cancel thread done
1785419602, 0x00000700,  0x00000001,Update 3/10: EthIPAdapter: clear error done
1785419602, 0x00000700,  0x00000001,Update 4/10: EthIPAdapter: update iotagslist
1785419602, 0x00000700,  0x00000001,Update 5/10: EthIPAdapter: update explicitlist done
1785419602, 0x00000700,  0x00000001,Update 6/10: EthIPAdapter: update siotags done
1785419602, 0x00000700,  0x00000001,Update 7/10: EthIPAdapter: update udtlist done
1785419602, 0x00000700,  0x00000001,Update 8/10: EthIPAdapter: update explicit_udt done
1785419602, 0x00000700,  0x00000001,Update 9/10: EthIPAdapter: update scanningtag done
1785419602, 0x00000700,  0x00000001,Update 10/10: EthIPAdapter: update protocol_flag done
1785419602, 0x00000700,  0x00000001,Update 11/10: EthIPAdapter: End updating.
1785419602, 0x00000100,  0x00000001,[FirstRun]:Mem-Variables load begin.
1785419602, 0x00000100,  0x00000001,[FirstRun]:Mem-Variables load finished.
1785419602, 0x00000600,  0x00000001,EtherCAT: Received run command.
1785419602, 0x00000700,  0x00000001,Hook 1/2: EthIPScanner: Start hook event 1.
1785419602, 0x00000700,  0x00000001,Hook run 1/4: EthIPScanner: CMP_EVT_RUN
1785419602, 0x00000700,  0x00000001,Update 1/2: EthIPScanner: update cipudtlist done
1785419602, 0x00000700,  0x00000001,Update 2/2: EthIPScanner: update cipexplicittag done
1785419602, 0x00000700,  0x00000001,Hook run 2/4: EthIPScanner: update cip config ret 0
1785419602, 0x00000700,  0x00000001,EipStackCt 1/2: EthIPScanner: Start create stack
1785419602, 0x00000700,  0x00000001,EipStackCt 2/2: EthIPScanner: bind eth index 0 ip: 0.
1785419602, 0x00000700,  0x00000001,EipStackCt 2/2: EthIPScanner: EtIPClaimHostIPAddress failed.
1785419602, 0x00000700,  0x00000001,EipStackCt 2/2: EthIPScanner: End create stack
1785419602, 0x00000700,  0x00000001,Hook run 3/4: EthIPScanner: create stack done
1785419602, 0x00000700,  0x00000001,Hook run 4/4: EthIPScanner: create thread done
1785419602, 0x00000700,  0x00000001,Hook 2/2: EthIPScanner: End hook event 1.
1785419602, 0x00000700,  0x00000001,Hook 1/2: EthIPAdapter: Start hook event 1.
1785419602, 0x00000700,  0x00000001,Hook run 1/3: EthIPAdapter: CMP_EVT_RUN
1785419602, 0x00000700,  0x00000001,Hook run 2/3: EthIPAdapter: Register scanningtag
1785419602, 0x00000700,  0x00000001,Hook run 3/3: EthIPAdapter: create thread done
1785419602, 0x00000700,  0x00000001,Hook 2/2: EthIPAdapter: End hook event 1.
1785419602, 0x00000700,  0x00000001,Hook 1/2: EthIPScanner: Start hook event 4.
1785419602, 0x00000700,  0x00000001,Hook 2/2: EthIPScanner: End hook event 4.
1785419602, 0x00000700,  0x00000001,Hook 1/2: EthIPAdapter: Start hook event 4.
1785419602, 0x00000700,  0x00000001,Hook 2/2: EthIPAdapter: End hook event 4.
1785419602, 0x00000000,  0x00000002,Warning 6706 at 8563(0x2173).
1785419602, 0x00000700,  0x00000001,ThreadRun 1/2: EthIPScanner: Start eventDeal thread
1785419602, 0x00000700,  0x00000001,ThreadRun 1/2: EthIPScanner: Start running stack
1785419602, 0x00000600,  0x00000001,EtherCAT: Start to register master.
1785419602, 0x00000600,  0x00000001,EtherCAT: Master Active
1785419639, 0x00000100,  0x00000001,Power off (simu)!
1785419639, 0x00000100,  0x00000001,run status changed to STOP!!! because of control word.
1785419639, 0x00000600,  0x00000001,EtherCAT: Received stop command.
1785419639, 0x00000700,  0x00000001,Hook 1/2: EthIPScanner: Start hook event 0.
1785419639, 0x00000700,  0x00000001,Hook stop 1/3: EthIPScanner: CMP_EVT_STOP
1785419639, 0x00000700,  0x00000001,Hook stop 2/3: EthIPScanner: cancel thread done
1785419639, 0x00000700,  0x00000001,Hook stop 3/3: EthIPScanner: clear error done
1785419639, 0x00000700,  0x00000001,Hook 2/2: EthIPScanner: End hook event 0.
1785419639, 0x00000700,  0x00000001,Hook 1/2: EthIPAdapter: Start hook event 0.
1785419639, 0x00000700,  0x00000001,Hook stop 1/5: EthIPAdapter: CMP_EVT_STOP
1785419639, 0x00000700,  0x00000001,Hook stop 2/5: EthIPAdapter: cancel thread done
1785419639, 0x00000700,  0x00000001,EipStackDlt 1/3: EthIPScanner: Start delete stack
1785419639, 0x00000700,  0x00000001,ThreadRun 2/2: EthIPScanner: End running stack
1785419639, 0x00000700,  0x00000001,ThreadRun 2/2: EthIPScanner: end eventDeal thread
1785419639, 0x00000600,  0x00000001,EtherCAT: allowblock run_cmd_1=0
1785419639, 0x00000700,  0x00000001,EipStackDlt 2/3: EthIPScanner: EtIPScannerStop done
1785419639, 0x00000700,  0x00000001,EipStackDlt 2/3: EthIPScanner: eventcallback_Thread task stop
1785419639, 0x00000700,  0x00000001,EipStackDlt 3/3: EthIPScanner: End delete stack
1785419639, 0x00000700,  0x00000001,Hook stop 3/5: EthIPAdapter: delete stack done
1785419639, 0x00000700,  0x00000001,Hook stop 4/5: EthIPAdapter: clear adapter error done
1785419639, 0x00000700,  0x00000001,Hook stop 5/5: EthIPAdapter: clear scanner error done
1785419639, 0x00000700,  0x00000001,Hook 2/2: EthIPAdapter: End hook event 0.
1785419639, 0x00000100,  0x00000001,[Powerdown]:Run switch to stop time: 20ms.
1785419639, 0x00000100,  0x00000001,[Powerdown]:Variables data save begin.
1785419639, 0x00000600,  0x00000001,ECT_STATE_RUN_2_IDLE 0
1785419639, 0x00000600,  0x00000001,EtherCAT: Stop master
1785419639, 0x00000600,  0x00000001,EtherCAT: Stop master finished.
1785419639, 0x00000100,  0x00000001,[Powerdown]:Variables data save finished.
1785419979, 0x00000100,  0x00000001,[monitor]login event:0  route:1896
1785419979, 0x00000100,  0x00000001,[monitor]login event:1  route:1896
1785419979, 0x00000100,  0x00000001,Download project\project.hcpp start.
1785419979, 0x00000100,  0x00000001,Download project\project.hcpp finished.
1785419979, 0x00000100,  0x00000001,Download userprog.foid start.
1785419979, 0x00000100,  0x00000001,Download userprog.foid finished.
1785419979, 0x00000100,  0x00000001,Download stprog.o start.
1785419979, 0x00000100,  0x00000001,Download stprog.o finished.
1785419979, 0x00000100,  0x00000001,Download stuserprog.o start.
1785419979, 0x00000100,  0x00000001,Download stuserprog.o finished.
1785419979, 0x00000100,  0x00000001,Download symbol.sym start.
1785419979, 0x00000100,  0x00000001,Download symbol.sym finished.
1785419980, 0x00000100,  0x00000001,Download varsinfo.foid start.
1785419980, 0x00000100,  0x00000001,Download varsinfo.foid finished.
1785419980, 0x00000100,  0x00000001,Download syscfg.foid start.
1785419980, 0x00000100,  0x00000001,Download syscfg.foid finished.
1785419980, 0x00000100,  0x00000001,Download ethercat.foid start.
1785419980, 0x00000100,  0x00000001,Download ethercat.foid finished.
1785419980, 0x00000100,  0x00000001,Download modbus.foid start.
1785419980, 0x00000100,  0x00000001,Download modbus.foid finished.
1785419980, 0x00000100,  0x00000001,Download canlink.foid start.
1785419980, 0x00000100,  0x00000001,Download canlink.foid finished.
1785419980, 0x00000100,  0x00000001,Download modcfg.foid start.
1785419980, 0x00000100,  0x00000001,Download modcfg.foid finished.
1785419980, 0x00000100,  0x00000001,Download ethip.foid start.
1785419980, 0x00000100,  0x00000001,Download ethip.foid finished.
1785419980, 0x00000100,  0x00000001,Download EIPIns.foid start.
1785419980, 0x00000100,  0x00000001,Download EIPIns.foid finished.
1785419980, 0x00000100,  0x00000001,Download ecttrans.foid start.
1785419980, 0x00000100,  0x00000001,Download ecttrans.foid finished.
1785419980, 0x00000100,  0x00000001,Download dataLog.foid start.
1785419980, 0x00000100,  0x00000001,Download dataLog.foid finished.
1785419980, 0x00000100,  0x00000001,Download OpcUAServer.foid start.
1785419980, 0x00000100,  0x00000001,Download OpcUAServer.foid finished.
1785419980, 0x00000100,  0x00000001,Download sftpserver.foid start.
1785419980, 0x00000100,  0x00000001,Download sftpserver.foid finished.
1785419980, 0x00000100,  0x00000001,Download Ecam.foid start.
1785419980, 0x00000100,  0x00000001,Download Ecam.foid finished.
1785419980, 0x00000000,  0x00000001,Clean current error records.
1785419980, 0x00000700,  0x00000001,Hook 1/2: EthIPScanner: Start hook event 3.
1785419980, 0x00000700,  0x00000001,Hook 2/2: EthIPScanner: End hook event 3.
1785419980, 0x00000700,  0x00000001,Hook 1/2: EthIPAdapter: Start hook event 3.
1785419980, 0x00000700,  0x00000001,Hook 2/2: EthIPAdapter: End hook event 3.
1785419980, 0x00000100,  0x00000001,[monitor]login event:2  route:1896
1785419980, 0x00000100,  0x00000001,run status changed to RUN!!! because of control word.
1785419980, 0x00000600,  0x00000001,EtherCAT: update ecat start.
1785419980, 0x00000600,  0x00000001,EtherCAT: Start to get config data.
1785419980, 0x00000600,  0x00000001,EtherCAT: Cycle time is 4000 us.
1785419980, 0x00000600,  0x00000001,EtherCAT: There are 0 slave(s) configured.
1785419980, 0x00000600,  0x00000001,EtherCAT: offset time is 0.500000 us.
1785419980, 0x00000600,  0x00000001,EtherCAT: Get config data finished.
1785419980, 0x00000601,  0x00000001,MC Axis:Start to get configure data
1785419980, 0x00000601,  0x00000001,MC Axis:Finished! There are 0 axis(es)
1785419980, 0x00000601,  0x00000001,MC Group:Finished! There are 0 axes group(s)
1785419980, 0x00000700,  0x00000001,Update 1/11: EthIPScanner: Start updating.
1785419980, 0x00000700,  0x00000001,EthIP Stask Info [Version: V1R2C1B21SPC0  Compile Time: Mar 24 2025]
1785419980, 0x00000700,  0x00000001,Update 2/11: EthIPScanner: cancel thread done
1785419980, 0x00000700,  0x00000001,Update 3/11: EthIPScanner: clear error done
1785419980, 0x00000700,  0x00000001,Update 4/11: EthIPScanner: update iotagslist done
1785419980, 0x00000700,  0x00000001,Update 5/11: EthIPScanner: update class3tagslist done
1785419980, 0x00000700,  0x00000001,Update 6/11: EthIPScanner: update ucmmtagslist done
1785419980, 0x00000700,  0x00000001,Update 7/11: EthIPScanner: update udtlist done
1785419980, 0x00000700,  0x00000001,Update 8/11: EthIPScanner: update class3udt done
1785419980, 0x00000700,  0x00000001,Update 9/11: EthIPScanner: update ucmmudt done
1785419980, 0x00000700,  0x00000001,Update 10/11: EthIPScanner: update protocol_flag done
1785419980, 0x00000700,  0x00000001,Update 11/11: EthIPScanner: End updating.
1785419980, 0x00000700,  0x00000001,Update 1/10: EthIPAdapter: Start updating.
1785419980, 0x00000700,  0x00000001,Update 2/10: EthIPAdapter: cancel thread done
1785419980, 0x00000700,  0x00000001,Update 3/10: EthIPAdapter: clear error done
1785419980, 0x00000700,  0x00000001,Update 4/10: EthIPAdapter: update iotagslist
1785419980, 0x00000700,  0x00000001,Update 5/10: EthIPAdapter: update explicitlist done
1785419980, 0x00000700,  0x00000001,Update 6/10: EthIPAdapter: update siotags done
1785419980, 0x00000700,  0x00000001,Update 7/10: EthIPAdapter: update udtlist done
1785419980, 0x00000700,  0x00000001,Update 8/10: EthIPAdapter: update explicit_udt done
1785419980, 0x00000700,  0x00000001,Update 9/10: EthIPAdapter: update scanningtag done
1785419980, 0x00000700,  0x00000001,Update 10/10: EthIPAdapter: update protocol_flag done
1785419980, 0x00000700,  0x00000001,Update 11/10: EthIPAdapter: End updating.
1785419980, 0x00000100,  0x00000001,[FirstRun]:Mem-Variables load begin.
1785419980, 0x00000100,  0x00000001,[FirstRun]:Mem-Variables load finished.
1785419980, 0x00000600,  0x00000001,EtherCAT: Received run command.
1785419980, 0x00000700,  0x00000001,Hook 1/2: EthIPScanner: Start hook event 1.
1785419980, 0x00000700,  0x00000001,Hook run 1/4: EthIPScanner: CMP_EVT_RUN
1785419980, 0x00000700,  0x00000001,Update 1/2: EthIPScanner: update cipudtlist done
1785419980, 0x00000700,  0x00000001,Update 2/2: EthIPScanner: update cipexplicittag done
1785419980, 0x00000700,  0x00000001,Hook run 2/4: EthIPScanner: update cip config ret 0
1785419980, 0x00000700,  0x00000001,EipStackCt 1/2: EthIPScanner: Start create stack
1785419980, 0x00000700,  0x00000001,EipStackCt 2/2: EthIPScanner: bind eth index 0 ip: 0.
1785419980, 0x00000700,  0x00000001,EipStackCt 2/2: EthIPScanner: EtIPClaimHostIPAddress failed.
1785419980, 0x00000700,  0x00000001,EipStackCt 2/2: EthIPScanner: End create stack
1785419980, 0x00000700,  0x00000001,Hook run 3/4: EthIPScanner: create stack done
1785419980, 0x00000700,  0x00000001,Hook run 4/4: EthIPScanner: create thread done
1785419980, 0x00000700,  0x00000001,Hook 2/2: EthIPScanner: End hook event 1.
1785419980, 0x00000700,  0x00000001,Hook 1/2: EthIPAdapter: Start hook event 1.
1785419980, 0x00000700,  0x00000001,Hook run 1/3: EthIPAdapter: CMP_EVT_RUN
1785419980, 0x00000700,  0x00000001,Hook run 2/3: EthIPAdapter: Register scanningtag
1785419980, 0x00000700,  0x00000001,Hook run 3/3: EthIPAdapter: create thread done
1785419980, 0x00000700,  0x00000001,Hook 2/2: EthIPAdapter: End hook event 1.
1785419980, 0x00000700,  0x00000001,ThreadRun 1/2: EthIPScanner: Start eventDeal thread
1785419980, 0x00000700,  0x00000001,Hook 1/2: EthIPScanner: Start hook event 4.
1785419980, 0x00000700,  0x00000001,Hook 2/2: EthIPScanner: End hook event 4.
1785419980, 0x00000700,  0x00000001,Hook 1/2: EthIPAdapter: Start hook event 4.
1785419980, 0x00000700,  0x00000001,Hook 2/2: EthIPAdapter: End hook event 4.
1785419980, 0x00000000,  0x00000002,Warning 6706 at 8566(0x2176).
1785419980, 0x00000700,  0x00000001,ThreadRun 1/2: EthIPScanner: Start running stack
1785419980, 0x00000600,  0x00000001,EtherCAT: Start to register master.
1785419980, 0x00000600,  0x00000001,EtherCAT: Master Active
1785420016, 0x00000100,  0x00000001,Power off (simu)!
1785420016, 0x00000100,  0x00000001,run status changed to STOP!!! because of control word.
1785420016, 0x00000600,  0x00000001,EtherCAT: Received stop command.
1785420016, 0x00000700,  0x00000001,Hook 1/2: EthIPScanner: Start hook event 0.
1785420016, 0x00000700,  0x00000001,Hook stop 1/3: EthIPScanner: CMP_EVT_STOP
1785420016, 0x00000700,  0x00000001,Hook stop 2/3: EthIPScanner: cancel thread done
1785420016, 0x00000700,  0x00000001,Hook stop 3/3: EthIPScanner: clear error done
1785420016, 0x00000700,  0x00000001,Hook 2/2: EthIPScanner: End hook event 0.
1785420016, 0x00000700,  0x00000001,Hook 1/2: EthIPAdapter: Start hook event 0.
1785420016, 0x00000700,  0x00000001,Hook stop 1/5: EthIPAdapter: CMP_EVT_STOP
1785420016, 0x00000700,  0x00000001,Hook stop 2/5: EthIPAdapter: cancel thread done
1785420016, 0x00000700,  0x00000001,EipStackDlt 1/3: EthIPScanner: Start delete stack
1785420016, 0x00000600,  0x00000001,EtherCAT: allowblock run_cmd_1=0
1785420016, 0x00000700,  0x00000001,ThreadRun 2/2: EthIPScanner: End running stack
1785420016, 0x00000700,  0x00000001,ThreadRun 2/2: EthIPScanner: end eventDeal thread
1785420016, 0x00000600,  0x00000001,ECT_STATE_RUN_2_IDLE 0
1785420016, 0x00000600,  0x00000001,EtherCAT: Stop master
1785420016, 0x00000600,  0x00000001,EtherCAT: Stop master finished.
1785420016, 0x00000700,  0x00000001,EipStackDlt 2/3: EthIPScanner: EtIPScannerStop done
1785420016, 0x00000700,  0x00000001,EipStackDlt 2/3: EthIPScanner: eventcallback_Thread task stop
1785420016, 0x00000700,  0x00000001,EipStackDlt 3/3: EthIPScanner: End delete stack
1785420016, 0x00000700,  0x00000001,Hook stop 3/5: EthIPAdapter: delete stack done
1785420016, 0x00000700,  0x00000001,Hook stop 4/5: EthIPAdapter: clear adapter error done
1785420016, 0x00000700,  0x00000001,Hook stop 5/5: EthIPAdapter: clear scanner error done
1785420016, 0x00000700,  0x00000001,Hook 2/2: EthIPAdapter: End hook event 0.
1785420016, 0x00000100,  0x00000001,[Powerdown]:Run switch to stop time: 25ms.
1785420016, 0x00000100,  0x00000001,[Powerdown]:Variables data save begin.
1785420016, 0x00000100,  0x00000001,[Powerdown]:Variables data save finished.
1785420045, 0x00000100,  0x00000001,[monitor]login event:0  route:1784
1785420045, 0x00000100,  0x00000001,[monitor]login event:1  route:1784
1785420046, 0x00000100,  0x00000001,Download project\project.hcpp start.
1785420046, 0x00000100,  0x00000001,Download project\project.hcpp finished.
1785420046, 0x00000100,  0x00000001,Download userprog.foid start.
1785420046, 0x00000100,  0x00000001,Download userprog.foid finished.
1785420046, 0x00000100,  0x00000001,Download stprog.o start.
1785420046, 0x00000100,  0x00000001,Download stprog.o finished.
1785420046, 0x00000100,  0x00000001,Download stuserprog.o start.
1785420046, 0x00000100,  0x00000001,Download stuserprog.o finished.
1785420046, 0x00000100,  0x00000001,Download symbol.sym start.
1785420046, 0x00000100,  0x00000001,Download symbol.sym finished.
1785420046, 0x00000100,  0x00000001,Download varsinfo.foid start.
1785420046, 0x00000100,  0x00000001,Download varsinfo.foid finished.
1785420046, 0x00000100,  0x00000001,Download syscfg.foid start.
1785420046, 0x00000100,  0x00000001,Download syscfg.foid finished.
1785420046, 0x00000100,  0x00000001,Download ethercat.foid start.
1785420046, 0x00000100,  0x00000001,Download ethercat.foid finished.
1785420046, 0x00000100,  0x00000001,Download modbus.foid start.
1785420046, 0x00000100,  0x00000001,Download modbus.foid finished.
1785420046, 0x00000100,  0x00000001,Download canlink.foid start.
1785420046, 0x00000100,  0x00000001,Download canlink.foid finished.
1785420046, 0x00000100,  0x00000001,Download modcfg.foid start.
1785420046, 0x00000100,  0x00000001,Download modcfg.foid finished.
1785420046, 0x00000100,  0x00000001,Download ethip.foid start.
1785420046, 0x00000100,  0x00000001,Download ethip.foid finished.
1785420046, 0x00000100,  0x00000001,Download EIPIns.foid start.
1785420046, 0x00000100,  0x00000001,Download EIPIns.foid finished.
1785420046, 0x00000100,  0x00000001,Download ecttrans.foid start.
1785420046, 0x00000100,  0x00000001,Download ecttrans.foid finished.
1785420046, 0x00000100,  0x00000001,Download dataLog.foid start.
1785420046, 0x00000100,  0x00000001,Download dataLog.foid finished.
1785420046, 0x00000100,  0x00000001,Download OpcUAServer.foid start.
1785420046, 0x00000100,  0x00000001,Download OpcUAServer.foid finished.
1785420046, 0x00000100,  0x00000001,Download sftpserver.foid start.
1785420046, 0x00000100,  0x00000001,Download sftpserver.foid finished.
1785420046, 0x00000100,  0x00000001,Download Ecam.foid start.
1785420046, 0x00000100,  0x00000001,Download Ecam.foid finished.
1785420046, 0x00000000,  0x00000001,Clean current error records.
1785420046, 0x00000700,  0x00000001,Hook 1/2: EthIPScanner: Start hook event 3.
1785420046, 0x00000700,  0x00000001,Hook 2/2: EthIPScanner: End hook event 3.
1785420046, 0x00000700,  0x00000001,Hook 1/2: EthIPAdapter: Start hook event 3.
1785420046, 0x00000700,  0x00000001,Hook 2/2: EthIPAdapter: End hook event 3.
1785420046, 0x00000100,  0x00000001,[monitor]login event:2  route:1784
1785420047, 0x00000100,  0x00000001,run status changed to RUN!!! because of control word.
1785420047, 0x00000600,  0x00000001,EtherCAT: update ecat start.
1785420047, 0x00000600,  0x00000001,EtherCAT: Start to get config data.
1785420047, 0x00000600,  0x00000001,EtherCAT: Cycle time is 4000 us.
1785420047, 0x00000600,  0x00000001,EtherCAT: There are 0 slave(s) configured.
1785420047, 0x00000600,  0x00000001,EtherCAT: offset time is 0.500000 us.
1785420047, 0x00000600,  0x00000001,EtherCAT: Get config data finished.
1785420047, 0x00000601,  0x00000001,MC Axis:Start to get configure data
1785420047, 0x00000601,  0x00000001,MC Axis:Finished! There are 0 axis(es)
1785420047, 0x00000601,  0x00000001,MC Group:Finished! There are 0 axes group(s)
1785420047, 0x00000700,  0x00000001,Update 1/11: EthIPScanner: Start updating.
1785420047, 0x00000700,  0x00000001,EthIP Stask Info [Version: V1R2C1B21SPC0  Compile Time: Mar 24 2025]
1785420047, 0x00000700,  0x00000001,Update 2/11: EthIPScanner: cancel thread done
1785420047, 0x00000700,  0x00000001,Update 3/11: EthIPScanner: clear error done
1785420047, 0x00000700,  0x00000001,Update 4/11: EthIPScanner: update iotagslist done
1785420047, 0x00000700,  0x00000001,Update 5/11: EthIPScanner: update class3tagslist done
1785420047, 0x00000700,  0x00000001,Update 6/11: EthIPScanner: update ucmmtagslist done
1785420047, 0x00000700,  0x00000001,Update 7/11: EthIPScanner: update udtlist done
1785420047, 0x00000700,  0x00000001,Update 8/11: EthIPScanner: update class3udt done
1785420047, 0x00000700,  0x00000001,Update 9/11: EthIPScanner: update ucmmudt done
1785420047, 0x00000700,  0x00000001,Update 10/11: EthIPScanner: update protocol_flag done
1785420047, 0x00000700,  0x00000001,Update 11/11: EthIPScanner: End updating.
1785420047, 0x00000700,  0x00000001,Update 1/10: EthIPAdapter: Start updating.
1785420047, 0x00000700,  0x00000001,Update 2/10: EthIPAdapter: cancel thread done
1785420047, 0x00000700,  0x00000001,Update 3/10: EthIPAdapter: clear error done
1785420047, 0x00000700,  0x00000001,Update 4/10: EthIPAdapter: update iotagslist
1785420047, 0x00000700,  0x00000001,Update 5/10: EthIPAdapter: update explicitlist done
1785420047, 0x00000700,  0x00000001,Update 6/10: EthIPAdapter: update siotags done
1785420047, 0x00000700,  0x00000001,Update 7/10: EthIPAdapter: update udtlist done
1785420047, 0x00000700,  0x00000001,Update 8/10: EthIPAdapter: update explicit_udt done
1785420047, 0x00000700,  0x00000001,Update 9/10: EthIPAdapter: update scanningtag done
1785420047, 0x00000700,  0x00000001,Update 10/10: EthIPAdapter: update protocol_flag done
1785420047, 0x00000700,  0x00000001,Update 11/10: EthIPAdapter: End updating.
1785420047, 0x00000100,  0x00000001,[FirstRun]:Mem-Variables load begin.
1785420047, 0x00000100,  0x00000001,[FirstRun]:Mem-Variables load finished.
1785420047, 0x00000600,  0x00000001,EtherCAT: Received run command.
1785420047, 0x00000700,  0x00000001,Hook 1/2: EthIPScanner: Start hook event 1.
1785420047, 0x00000700,  0x00000001,Hook run 1/4: EthIPScanner: CMP_EVT_RUN
1785420047, 0x00000700,  0x00000001,Update 1/2: EthIPScanner: update cipudtlist done
1785420047, 0x00000700,  0x00000001,Update 2/2: EthIPScanner: update cipexplicittag done
1785420047, 0x00000700,  0x00000001,Hook run 2/4: EthIPScanner: update cip config ret 0
1785420047, 0x00000700,  0x00000001,EipStackCt 1/2: EthIPScanner: Start create stack
1785420047, 0x00000700,  0x00000001,EipStackCt 2/2: EthIPScanner: bind eth index 0 ip: 0.
1785420047, 0x00000700,  0x00000001,EipStackCt 2/2: EthIPScanner: EtIPClaimHostIPAddress failed.
1785420047, 0x00000700,  0x00000001,EipStackCt 2/2: EthIPScanner: End create stack
1785420047, 0x00000700,  0x00000001,Hook run 3/4: EthIPScanner: create stack done
1785420047, 0x00000700,  0x00000001,Hook run 4/4: EthIPScanner: create thread done
1785420047, 0x00000700,  0x00000001,Hook 2/2: EthIPScanner: End hook event 1.
1785420047, 0x00000700,  0x00000001,Hook 1/2: EthIPAdapter: Start hook event 1.
1785420047, 0x00000700,  0x00000001,Hook run 1/3: EthIPAdapter: CMP_EVT_RUN
1785420047, 0x00000700,  0x00000001,Hook run 2/3: EthIPAdapter: Register scanningtag
1785420047, 0x00000700,  0x00000001,Hook run 3/3: EthIPAdapter: create thread done
1785420047, 0x00000700,  0x00000001,Hook 2/2: EthIPAdapter: End hook event 1.
1785420047, 0x00000700,  0x00000001,ThreadRun 1/2: EthIPScanner: Start eventDeal thread
1785420047, 0x00000700,  0x00000001,Hook 1/2: EthIPScanner: Start hook event 4.
1785420047, 0x00000700,  0x00000001,Hook 2/2: EthIPScanner: End hook event 4.
1785420047, 0x00000700,  0x00000001,Hook 1/2: EthIPAdapter: Start hook event 4.
1785420047, 0x00000700,  0x00000001,Hook 2/2: EthIPAdapter: End hook event 4.
1785420047, 0x00000000,  0x00000002,Warning 6706 at 8566(0x2176).
1785420047, 0x00000700,  0x00000001,ThreadRun 1/2: EthIPScanner: Start running stack
1785420047, 0x00000600,  0x00000001,EtherCAT: Start to register master.
1785420047, 0x00000600,  0x00000001,EtherCAT: Master Active
1785420067, 0x00000100,  0x00000001,Power off (simu)!
1785420067, 0x00000100,  0x00000001,run status changed to STOP!!! because of control word.
1785420067, 0x00000600,  0x00000001,EtherCAT: Received stop command.
1785420067, 0x00000700,  0x00000001,Hook 1/2: EthIPScanner: Start hook event 0.
1785420067, 0x00000700,  0x00000001,Hook stop 1/3: EthIPScanner: CMP_EVT_STOP
1785420067, 0x00000700,  0x00000001,Hook stop 2/3: EthIPScanner: cancel thread done
1785420067, 0x00000700,  0x00000001,Hook stop 3/3: EthIPScanner: clear error done
1785420067, 0x00000700,  0x00000001,Hook 2/2: EthIPScanner: End hook event 0.
1785420067, 0x00000700,  0x00000001,Hook 1/2: EthIPAdapter: Start hook event 0.
1785420067, 0x00000700,  0x00000001,Hook stop 1/5: EthIPAdapter: CMP_EVT_STOP
1785420067, 0x00000700,  0x00000001,Hook stop 2/5: EthIPAdapter: cancel thread done
1785420067, 0x00000700,  0x00000001,EipStackDlt 1/3: EthIPScanner: Start delete stack
1785420067, 0x00000600,  0x00000001,EtherCAT: allowblock run_cmd_1=0
1785420067, 0x00000700,  0x00000001,ThreadRun 2/2: EthIPScanner: end eventDeal thread
1785420067, 0x00000700,  0x00000001,ThreadRun 2/2: EthIPScanner: End running stack
1785420067, 0x00000600,  0x00000001,ECT_STATE_RUN_2_IDLE 0
1785420067, 0x00000600,  0x00000001,EtherCAT: Stop master
1785420067, 0x00000600,  0x00000001,EtherCAT: Stop master finished.
1785420067, 0x00000700,  0x00000001,EipStackDlt 2/3: EthIPScanner: EtIPScannerStop done
1785420067, 0x00000700,  0x00000001,EipStackDlt 2/3: EthIPScanner: eventcallback_Thread task stop
1785420067, 0x00000700,  0x00000001,EipStackDlt 3/3: EthIPScanner: End delete stack
1785420067, 0x00000700,  0x00000001,Hook stop 3/5: EthIPAdapter: delete stack done
1785420067, 0x00000700,  0x00000001,Hook stop 4/5: EthIPAdapter: clear adapter error done
1785420067, 0x00000700,  0x00000001,Hook stop 5/5: EthIPAdapter: clear scanner error done
1785420067, 0x00000700,  0x00000001,Hook 2/2: EthIPAdapter: End hook event 0.
1785420067, 0x00000100,  0x00000001,[Powerdown]:Run switch to stop time: 25ms.
1785420067, 0x00000100,  0x00000001,[Powerdown]:Variables data save begin.
1785420067, 0x00000100,  0x00000001,[Powerdown]:Variables data save finished.
1785420295, 0x00000100,  0x00000001,[monitor]login event:0  route:1820
1785420295, 0x00000100,  0x00000001,[monitor]login event:1  route:1820
1785420296, 0x00000100,  0x00000001,Download project\project.hcpp start.
1785420296, 0x00000100,  0x00000001,Download project\project.hcpp finished.
1785420296, 0x00000100,  0x00000001,Download userprog.foid start.
1785420296, 0x00000100,  0x00000001,Download userprog.foid finished.
1785420296, 0x00000100,  0x00000001,Download stprog.o start.
1785420296, 0x00000100,  0x00000001,Download stprog.o finished.
1785420296, 0x00000100,  0x00000001,Download stuserprog.o start.
1785420296, 0x00000100,  0x00000001,Download stuserprog.o finished.
1785420296, 0x00000100,  0x00000001,Download symbol.sym start.
1785420296, 0x00000100,  0x00000001,Download symbol.sym finished.
1785420296, 0x00000100,  0x00000001,Download varsinfo.foid start.
1785420296, 0x00000100,  0x00000001,Download varsinfo.foid finished.
1785420296, 0x00000100,  0x00000001,Download syscfg.foid start.
1785420296, 0x00000100,  0x00000001,Download syscfg.foid finished.
1785420296, 0x00000100,  0x00000001,Download ethercat.foid start.
1785420296, 0x00000100,  0x00000001,Download ethercat.foid finished.
1785420296, 0x00000100,  0x00000001,Download modbus.foid start.
1785420296, 0x00000100,  0x00000001,Download modbus.foid finished.
1785420296, 0x00000100,  0x00000001,Download canlink.foid start.
1785420296, 0x00000100,  0x00000001,Download canlink.foid finished.
1785420296, 0x00000100,  0x00000001,Download modcfg.foid start.
1785420296, 0x00000100,  0x00000001,Download modcfg.foid finished.
1785420296, 0x00000100,  0x00000001,Download ethip.foid start.
1785420296, 0x00000100,  0x00000001,Download ethip.foid finished.
1785420296, 0x00000100,  0x00000001,Download EIPIns.foid start.
1785420296, 0x00000100,  0x00000001,Download EIPIns.foid finished.
1785420296, 0x00000100,  0x00000001,Download ecttrans.foid start.
1785420296, 0x00000100,  0x00000001,Download ecttrans.foid finished.
1785420296, 0x00000100,  0x00000001,Download dataLog.foid start.
1785420296, 0x00000100,  0x00000001,Download dataLog.foid finished.
1785420296, 0x00000100,  0x00000001,Download OpcUAServer.foid start.
1785420296, 0x00000100,  0x00000001,Download OpcUAServer.foid finished.
1785420296, 0x00000100,  0x00000001,Download sftpserver.foid start.
1785420296, 0x00000100,  0x00000001,Download sftpserver.foid finished.
1785420296, 0x00000100,  0x00000001,Download Ecam.foid start.
1785420296, 0x00000100,  0x00000001,Download Ecam.foid finished.
1785420296, 0x00000000,  0x00000001,Clean current error records.
1785420296, 0x00000700,  0x00000001,Hook 1/2: EthIPScanner: Start hook event 3.
1785420296, 0x00000700,  0x00000001,Hook 2/2: EthIPScanner: End hook event 3.
1785420296, 0x00000700,  0x00000001,Hook 1/2: EthIPAdapter: Start hook event 3.
1785420296, 0x00000700,  0x00000001,Hook 2/2: EthIPAdapter: End hook event 3.
1785420296, 0x00000100,  0x00000001,[monitor]login event:2  route:1820
1785420297, 0x00000100,  0x00000001,run status changed to RUN!!! because of control word.
1785420297, 0x00000600,  0x00000001,EtherCAT: update ecat start.
1785420297, 0x00000600,  0x00000001,EtherCAT: Start to get config data.
1785420297, 0x00000600,  0x00000001,EtherCAT: Cycle time is 4000 us.
1785420297, 0x00000600,  0x00000001,EtherCAT: There are 0 slave(s) configured.
1785420297, 0x00000600,  0x00000001,EtherCAT: offset time is 0.500000 us.
1785420297, 0x00000600,  0x00000001,EtherCAT: Get config data finished.
1785420297, 0x00000601,  0x00000001,MC Axis:Start to get configure data
1785420297, 0x00000601,  0x00000001,MC Axis:Finished! There are 0 axis(es)
1785420297, 0x00000601,  0x00000001,MC Group:Finished! There are 0 axes group(s)
1785420297, 0x00000700,  0x00000001,Update 1/11: EthIPScanner: Start updating.
1785420297, 0x00000700,  0x00000001,EthIP Stask Info [Version: V1R2C1B21SPC0  Compile Time: Mar 24 2025]
1785420297, 0x00000700,  0x00000001,Update 2/11: EthIPScanner: cancel thread done
1785420297, 0x00000700,  0x00000001,Update 3/11: EthIPScanner: clear error done
1785420297, 0x00000700,  0x00000001,Update 4/11: EthIPScanner: update iotagslist done
1785420297, 0x00000700,  0x00000001,Update 5/11: EthIPScanner: update class3tagslist done
1785420297, 0x00000700,  0x00000001,Update 6/11: EthIPScanner: update ucmmtagslist done
1785420297, 0x00000700,  0x00000001,Update 7/11: EthIPScanner: update udtlist done
1785420297, 0x00000700,  0x00000001,Update 8/11: EthIPScanner: update class3udt done
1785420297, 0x00000700,  0x00000001,Update 9/11: EthIPScanner: update ucmmudt done
1785420297, 0x00000700,  0x00000001,Update 10/11: EthIPScanner: update protocol_flag done
1785420297, 0x00000700,  0x00000001,Update 11/11: EthIPScanner: End updating.
1785420297, 0x00000700,  0x00000001,Update 1/10: EthIPAdapter: Start updating.
1785420297, 0x00000700,  0x00000001,Update 2/10: EthIPAdapter: cancel thread done
1785420297, 0x00000700,  0x00000001,Update 3/10: EthIPAdapter: clear error done
1785420297, 0x00000700,  0x00000001,Update 4/10: EthIPAdapter: update iotagslist
1785420297, 0x00000700,  0x00000001,Update 5/10: EthIPAdapter: update explicitlist done
1785420297, 0x00000700,  0x00000001,Update 6/10: EthIPAdapter: update siotags done
1785420297, 0x00000700,  0x00000001,Update 7/10: EthIPAdapter: update udtlist done
1785420297, 0x00000700,  0x00000001,Update 8/10: EthIPAdapter: update explicit_udt done
1785420297, 0x00000700,  0x00000001,Update 9/10: EthIPAdapter: update scanningtag done
1785420297, 0x00000700,  0x00000001,Update 10/10: EthIPAdapter: update protocol_flag done
1785420297, 0x00000700,  0x00000001,Update 11/10: EthIPAdapter: End updating.
1785420297, 0x00000100,  0x00000001,[FirstRun]:Mem-Variables load begin.
1785420297, 0x00000100,  0x00000001,[FirstRun]:Mem-Variables load finished.
1785420297, 0x00000600,  0x00000001,EtherCAT: Received run command.
1785420297, 0x00000700,  0x00000001,Hook 1/2: EthIPScanner: Start hook event 1.
1785420297, 0x00000700,  0x00000001,Hook run 1/4: EthIPScanner: CMP_EVT_RUN
1785420297, 0x00000700,  0x00000001,Update 1/2: EthIPScanner: update cipudtlist done
1785420297, 0x00000700,  0x00000001,Update 2/2: EthIPScanner: update cipexplicittag done
1785420297, 0x00000700,  0x00000001,Hook run 2/4: EthIPScanner: update cip config ret 0
1785420297, 0x00000700,  0x00000001,EipStackCt 1/2: EthIPScanner: Start create stack
1785420297, 0x00000700,  0x00000001,EipStackCt 2/2: EthIPScanner: bind eth index 0 ip: 0.
1785420297, 0x00000700,  0x00000001,EipStackCt 2/2: EthIPScanner: EtIPClaimHostIPAddress failed.
1785420297, 0x00000700,  0x00000001,EipStackCt 2/2: EthIPScanner: End create stack
1785420297, 0x00000700,  0x00000001,Hook run 3/4: EthIPScanner: create stack done
1785420297, 0x00000700,  0x00000001,Hook run 4/4: EthIPScanner: create thread done
1785420297, 0x00000700,  0x00000001,Hook 2/2: EthIPScanner: End hook event 1.
1785420297, 0x00000700,  0x00000001,Hook 1/2: EthIPAdapter: Start hook event 1.
1785420297, 0x00000700,  0x00000001,Hook run 1/3: EthIPAdapter: CMP_EVT_RUN
1785420297, 0x00000700,  0x00000001,Hook run 2/3: EthIPAdapter: Register scanningtag
1785420297, 0x00000700,  0x00000001,Hook run 3/3: EthIPAdapter: create thread done
1785420297, 0x00000700,  0x00000001,Hook 2/2: EthIPAdapter: End hook event 1.
1785420297, 0x00000700,  0x00000001,ThreadRun 1/2: EthIPScanner: Start eventDeal thread
1785420297, 0x00000700,  0x00000001,Hook 1/2: EthIPScanner: Start hook event 4.
1785420297, 0x00000700,  0x00000001,Hook 2/2: EthIPScanner: End hook event 4.
1785420297, 0x00000700,  0x00000001,Hook 1/2: EthIPAdapter: Start hook event 4.
1785420297, 0x00000700,  0x00000001,Hook 2/2: EthIPAdapter: End hook event 4.
1785420297, 0x00000000,  0x00000002,Warning 6706 at 8566(0x2176).
1785420297, 0x00000700,  0x00000001,ThreadRun 1/2: EthIPScanner: Start running stack
1785420297, 0x00000600,  0x00000001,EtherCAT: Start to register master.
1785420297, 0x00000600,  0x00000001,EtherCAT: Master Active
1785420329, 0x00000100,  0x00000001,Power off (simu)!
1785420329, 0x00000100,  0x00000001,run status changed to STOP!!! because of control word.
1785420329, 0x00000600,  0x00000001,EtherCAT: Received stop command.
1785420329, 0x00000700,  0x00000001,Hook 1/2: EthIPScanner: Start hook event 0.
1785420329, 0x00000700,  0x00000001,Hook stop 1/3: EthIPScanner: CMP_EVT_STOP
1785420329, 0x00000700,  0x00000001,Hook stop 2/3: EthIPScanner: cancel thread done
1785420329, 0x00000700,  0x00000001,Hook stop 3/3: EthIPScanner: clear error done
1785420329, 0x00000700,  0x00000001,Hook 2/2: EthIPScanner: End hook event 0.
1785420329, 0x00000700,  0x00000001,Hook 1/2: EthIPAdapter: Start hook event 0.
1785420329, 0x00000700,  0x00000001,Hook stop 1/5: EthIPAdapter: CMP_EVT_STOP
1785420329, 0x00000700,  0x00000001,Hook stop 2/5: EthIPAdapter: cancel thread done
1785420329, 0x00000700,  0x00000001,EipStackDlt 1/3: EthIPScanner: Start delete stack
1785420329, 0x00000600,  0x00000001,EtherCAT: allowblock run_cmd_1=0
1785420329, 0x00000700,  0x00000001,ThreadRun 2/2: EthIPScanner: End running stack
1785420329, 0x00000700,  0x00000001,ThreadRun 2/2: EthIPScanner: end eventDeal thread
1785420329, 0x00000600,  0x00000001,ECT_STATE_RUN_2_IDLE 0
1785420329, 0x00000600,  0x00000001,EtherCAT: Stop master
1785420329, 0x00000600,  0x00000001,EtherCAT: Stop master finished.
1785420329, 0x00000700,  0x00000001,EipStackDlt 2/3: EthIPScanner: EtIPScannerStop done
1785420329, 0x00000700,  0x00000001,EipStackDlt 2/3: EthIPScanner: eventcallback_Thread task stop
1785420329, 0x00000700,  0x00000001,EipStackDlt 3/3: EthIPScanner: End delete stack
1785420329, 0x00000700,  0x00000001,Hook stop 3/5: EthIPAdapter: delete stack done
1785420329, 0x00000700,  0x00000001,Hook stop 4/5: EthIPAdapter: clear adapter error done
1785420329, 0x00000700,  0x00000001,Hook stop 5/5: EthIPAdapter: clear scanner error done
1785420329, 0x00000700,  0x00000001,Hook 2/2: EthIPAdapter: End hook event 0.
1785420329, 0x00000100,  0x00000001,[Powerdown]:Run switch to stop time: 20ms.
1785420329, 0x00000100,  0x00000001,[Powerdown]:Variables data save begin.
1785420329, 0x00000100,  0x00000001,[Powerdown]:Variables data save finished.
1785420364, 0x00000100,  0x00000001,[monitor]login event:0  route:1952
1785420364, 0x00000100,  0x00000001,[monitor]login event:1  route:1952
1785420365, 0x00000100,  0x00000001,Download project\project.hcpp start.
1785420365, 0x00000100,  0x00000001,Download project\project.hcpp finished.
1785420365, 0x00000100,  0x00000001,Download userprog.foid start.
1785420365, 0x00000100,  0x00000001,Download userprog.foid finished.
1785420365, 0x00000100,  0x00000001,Download stprog.o start.
1785420365, 0x00000100,  0x00000001,Download stprog.o finished.
1785420365, 0x00000100,  0x00000001,Download stuserprog.o start.
1785420365, 0x00000100,  0x00000001,Download stuserprog.o finished.
1785420365, 0x00000100,  0x00000001,Download symbol.sym start.
1785420365, 0x00000100,  0x00000001,Download symbol.sym finished.
1785420365, 0x00000100,  0x00000001,Download varsinfo.foid start.
1785420365, 0x00000100,  0x00000001,Download varsinfo.foid finished.
1785420365, 0x00000100,  0x00000001,Download syscfg.foid start.
1785420365, 0x00000100,  0x00000001,Download syscfg.foid finished.
1785420365, 0x00000100,  0x00000001,Download ethercat.foid start.
1785420365, 0x00000100,  0x00000001,Download ethercat.foid finished.
1785420365, 0x00000100,  0x00000001,Download modbus.foid start.
1785420365, 0x00000100,  0x00000001,Download modbus.foid finished.
1785420365, 0x00000100,  0x00000001,Download canlink.foid start.
1785420365, 0x00000100,  0x00000001,Download canlink.foid finished.
1785420365, 0x00000100,  0x00000001,Download modcfg.foid start.
1785420365, 0x00000100,  0x00000001,Download modcfg.foid finished.
1785420365, 0x00000100,  0x00000001,Download ethip.foid start.
1785420365, 0x00000100,  0x00000001,Download ethip.foid finished.
1785420365, 0x00000100,  0x00000001,Download EIPIns.foid start.
1785420365, 0x00000100,  0x00000001,Download EIPIns.foid finished.
1785420365, 0x00000100,  0x00000001,Download ecttrans.foid start.
1785420365, 0x00000100,  0x00000001,Download ecttrans.foid finished.
1785420365, 0x00000100,  0x00000001,Download dataLog.foid start.
1785420365, 0x00000100,  0x00000001,Download dataLog.foid finished.
1785420365, 0x00000100,  0x00000001,Download OpcUAServer.foid start.
1785420365, 0x00000100,  0x00000001,Download OpcUAServer.foid finished.
1785420365, 0x00000100,  0x00000001,Download sftpserver.foid start.
1785420365, 0x00000100,  0x00000001,Download sftpserver.foid finished.
1785420365, 0x00000100,  0x00000001,Download Ecam.foid start.
1785420365, 0x00000100,  0x00000001,Download Ecam.foid finished.
1785420365, 0x00000000,  0x00000001,Clean current error records.
1785420365, 0x00000700,  0x00000001,Hook 1/2: EthIPScanner: Start hook event 3.
1785420365, 0x00000700,  0x00000001,Hook 2/2: EthIPScanner: End hook event 3.
1785420365, 0x00000700,  0x00000001,Hook 1/2: EthIPAdapter: Start hook event 3.
1785420365, 0x00000700,  0x00000001,Hook 2/2: EthIPAdapter: End hook event 3.
1785420365, 0x00000100,  0x00000001,[monitor]login event:2  route:1952
1785420366, 0x00000100,  0x00000001,run status changed to RUN!!! because of control word.
1785420366, 0x00000600,  0x00000001,EtherCAT: update ecat start.
1785420366, 0x00000600,  0x00000001,EtherCAT: Start to get config data.
1785420366, 0x00000600,  0x00000001,EtherCAT: Cycle time is 4000 us.
1785420366, 0x00000600,  0x00000001,EtherCAT: There are 0 slave(s) configured.
1785420366, 0x00000600,  0x00000001,EtherCAT: offset time is 0.500000 us.
1785420366, 0x00000600,  0x00000001,EtherCAT: Get config data finished.
1785420366, 0x00000601,  0x00000001,MC Axis:Start to get configure data
1785420366, 0x00000601,  0x00000001,MC Axis:Finished! There are 0 axis(es)
1785420366, 0x00000601,  0x00000001,MC Group:Finished! There are 0 axes group(s)
1785420366, 0x00000700,  0x00000001,Update 1/11: EthIPScanner: Start updating.
1785420366, 0x00000700,  0x00000001,EthIP Stask Info [Version: V1R2C1B21SPC0  Compile Time: Mar 24 2025]
1785420366, 0x00000700,  0x00000001,Update 2/11: EthIPScanner: cancel thread done
1785420366, 0x00000700,  0x00000001,Update 3/11: EthIPScanner: clear error done
1785420366, 0x00000700,  0x00000001,Update 4/11: EthIPScanner: update iotagslist done
1785420366, 0x00000700,  0x00000001,Update 5/11: EthIPScanner: update class3tagslist done
1785420366, 0x00000700,  0x00000001,Update 6/11: EthIPScanner: update ucmmtagslist done
1785420366, 0x00000700,  0x00000001,Update 7/11: EthIPScanner: update udtlist done
1785420366, 0x00000700,  0x00000001,Update 8/11: EthIPScanner: update class3udt done
1785420366, 0x00000700,  0x00000001,Update 9/11: EthIPScanner: update ucmmudt done
1785420366, 0x00000700,  0x00000001,Update 10/11: EthIPScanner: update protocol_flag done
1785420366, 0x00000700,  0x00000001,Update 11/11: EthIPScanner: End updating.
1785420366, 0x00000700,  0x00000001,Update 1/10: EthIPAdapter: Start updating.
1785420366, 0x00000700,  0x00000001,Update 2/10: EthIPAdapter: cancel thread done
1785420366, 0x00000700,  0x00000001,Update 3/10: EthIPAdapter: clear error done
1785420366, 0x00000700,  0x00000001,Update 4/10: EthIPAdapter: update iotagslist
1785420366, 0x00000700,  0x00000001,Update 5/10: EthIPAdapter: update explicitlist done
1785420366, 0x00000700,  0x00000001,Update 6/10: EthIPAdapter: update siotags done
1785420366, 0x00000700,  0x00000001,Update 7/10: EthIPAdapter: update udtlist done
1785420366, 0x00000700,  0x00000001,Update 8/10: EthIPAdapter: update explicit_udt done
1785420366, 0x00000700,  0x00000001,Update 9/10: EthIPAdapter: update scanningtag done
1785420366, 0x00000700,  0x00000001,Update 10/10: EthIPAdapter: update protocol_flag done
1785420366, 0x00000700,  0x00000001,Update 11/10: EthIPAdapter: End updating.
1785420366, 0x00000100,  0x00000001,[FirstRun]:Mem-Variables load begin.
1785420366, 0x00000100,  0x00000001,[FirstRun]:Mem-Variables load finished.
1785420366, 0x00000600,  0x00000001,EtherCAT: Received run command.
1785420366, 0x00000700,  0x00000001,Hook 1/2: EthIPScanner: Start hook event 1.
1785420366, 0x00000700,  0x00000001,Hook run 1/4: EthIPScanner: CMP_EVT_RUN
1785420366, 0x00000700,  0x00000001,Update 1/2: EthIPScanner: update cipudtlist done
1785420366, 0x00000700,  0x00000001,Update 2/2: EthIPScanner: update cipexplicittag done
1785420366, 0x00000700,  0x00000001,Hook run 2/4: EthIPScanner: update cip config ret 0
1785420366, 0x00000700,  0x00000001,EipStackCt 1/2: EthIPScanner: Start create stack
1785420366, 0x00000700,  0x00000001,EipStackCt 2/2: EthIPScanner: bind eth index 0 ip: 0.
1785420366, 0x00000700,  0x00000001,EipStackCt 2/2: EthIPScanner: EtIPClaimHostIPAddress failed.
1785420366, 0x00000700,  0x00000001,EipStackCt 2/2: EthIPScanner: End create stack
1785420366, 0x00000700,  0x00000001,Hook run 3/4: EthIPScanner: create stack done
1785420366, 0x00000700,  0x00000001,Hook run 4/4: EthIPScanner: create thread done
1785420366, 0x00000700,  0x00000001,Hook 2/2: EthIPScanner: End hook event 1.
1785420366, 0x00000700,  0x00000001,Hook 1/2: EthIPAdapter: Start hook event 1.
1785420366, 0x00000700,  0x00000001,Hook run 1/3: EthIPAdapter: CMP_EVT_RUN
1785420366, 0x00000700,  0x00000001,Hook run 2/3: EthIPAdapter: Register scanningtag
1785420366, 0x00000700,  0x00000001,Hook run 3/3: EthIPAdapter: create thread done
1785420366, 0x00000700,  0x00000001,Hook 2/2: EthIPAdapter: End hook event 1.
1785420366, 0x00000700,  0x00000001,Hook 1/2: EthIPScanner: Start hook event 4.
1785420366, 0x00000700,  0x00000001,Hook 2/2: EthIPScanner: End hook event 4.
1785420366, 0x00000700,  0x00000001,Hook 1/2: EthIPAdapter: Start hook event 4.
1785420366, 0x00000700,  0x00000001,Hook 2/2: EthIPAdapter: End hook event 4.
1785420366, 0x00000000,  0x00000002,Warning 6706 at 8566(0x2176).
1785420366, 0x00000700,  0x00000001,ThreadRun 1/2: EthIPScanner: Start eventDeal thread
1785420366, 0x00000700,  0x00000001,ThreadRun 1/2: EthIPScanner: Start running stack
1785420366, 0x00000600,  0x00000001,EtherCAT: Start to register master.
1785420366, 0x00000600,  0x00000001,EtherCAT: Master Active
1785420425, 0x00000100,  0x00000001,Power off (simu)!
1785420425, 0x00000100,  0x00000001,run status changed to STOP!!! because of control word.
1785420425, 0x00000600,  0x00000001,EtherCAT: Received stop command.
1785420425, 0x00000700,  0x00000001,Hook 1/2: EthIPScanner: Start hook event 0.
1785420425, 0x00000700,  0x00000001,Hook stop 1/3: EthIPScanner: CMP_EVT_STOP
1785420425, 0x00000700,  0x00000001,Hook stop 2/3: EthIPScanner: cancel thread done
1785420425, 0x00000700,  0x00000001,Hook stop 3/3: EthIPScanner: clear error done
1785420425, 0x00000700,  0x00000001,Hook 2/2: EthIPScanner: End hook event 0.
1785420425, 0x00000700,  0x00000001,Hook 1/2: EthIPAdapter: Start hook event 0.
1785420425, 0x00000700,  0x00000001,Hook stop 1/5: EthIPAdapter: CMP_EVT_STOP
1785420425, 0x00000700,  0x00000001,Hook stop 2/5: EthIPAdapter: cancel thread done
1785420425, 0x00000700,  0x00000001,EipStackDlt 1/3: EthIPScanner: Start delete stack
1785420425, 0x00000700,  0x00000001,ThreadRun 2/2: EthIPScanner: end eventDeal thread
1785420425, 0x00000600,  0x00000001,EtherCAT: allowblock run_cmd_1=0
1785420425, 0x00000700,  0x00000001,ThreadRun 2/2: EthIPScanner: End running stack
1785420425, 0x00000600,  0x00000001,ECT_STATE_RUN_2_IDLE 0
1785420425, 0x00000600,  0x00000001,EtherCAT: Stop master
1785420425, 0x00000600,  0x00000001,EtherCAT: Stop master finished.
1785420425, 0x00000700,  0x00000001,EipStackDlt 2/3: EthIPScanner: EtIPScannerStop done
1785420425, 0x00000700,  0x00000001,EipStackDlt 2/3: EthIPScanner: eventcallback_Thread task stop
1785420425, 0x00000700,  0x00000001,EipStackDlt 3/3: EthIPScanner: End delete stack
1785420425, 0x00000700,  0x00000001,Hook stop 3/5: EthIPAdapter: delete stack done
1785420425, 0x00000700,  0x00000001,Hook stop 4/5: EthIPAdapter: clear adapter error done
1785420425, 0x00000700,  0x00000001,Hook stop 5/5: EthIPAdapter: clear scanner error done
1785420425, 0x00000700,  0x00000001,Hook 2/2: EthIPAdapter: End hook event 0.
1785420425, 0x00000100,  0x00000001,[Powerdown]:Run switch to stop time: 20ms.
1785420425, 0x00000100,  0x00000001,[Powerdown]:Variables data save begin.
1785420425, 0x00000100,  0x00000001,[Powerdown]:Variables data save finished.
1785420530, 0x00000100,  0x00000001,[monitor]login event:0  route:1820
1785420530, 0x00000100,  0x00000001,[monitor]login event:1  route:1820
1785420531, 0x00000100,  0x00000001,Download project\project.hcpp start.
1785420531, 0x00000100,  0x00000001,Download project\project.hcpp finished.
1785420531, 0x00000100,  0x00000001,Download userprog.foid start.
1785420531, 0x00000100,  0x00000001,Download userprog.foid finished.
1785420531, 0x00000100,  0x00000001,Download stprog.o start.
1785420531, 0x00000100,  0x00000001,Download stprog.o finished.
1785420531, 0x00000100,  0x00000001,Download stuserprog.o start.
1785420531, 0x00000100,  0x00000001,Download stuserprog.o finished.
1785420531, 0x00000100,  0x00000001,Download symbol.sym start.
1785420531, 0x00000100,  0x00000001,Download symbol.sym finished.
1785420531, 0x00000100,  0x00000001,Download varsinfo.foid start.
1785420531, 0x00000100,  0x00000001,Download varsinfo.foid finished.
1785420531, 0x00000100,  0x00000001,Download syscfg.foid start.
1785420531, 0x00000100,  0x00000001,Download syscfg.foid finished.
1785420531, 0x00000100,  0x00000001,Download ethercat.foid start.
1785420531, 0x00000100,  0x00000001,Download ethercat.foid finished.
1785420531, 0x00000100,  0x00000001,Download modbus.foid start.
1785420531, 0x00000100,  0x00000001,Download modbus.foid finished.
1785420531, 0x00000100,  0x00000001,Download canlink.foid start.
1785420531, 0x00000100,  0x00000001,Download canlink.foid finished.
1785420531, 0x00000100,  0x00000001,Download modcfg.foid start.
1785420531, 0x00000100,  0x00000001,Download modcfg.foid finished.
1785420531, 0x00000100,  0x00000001,Download ethip.foid start.
1785420531, 0x00000100,  0x00000001,Download ethip.foid finished.
1785420531, 0x00000100,  0x00000001,Download EIPIns.foid start.
1785420531, 0x00000100,  0x00000001,Download EIPIns.foid finished.
1785420531, 0x00000100,  0x00000001,Download ecttrans.foid start.
1785420531, 0x00000100,  0x00000001,Download ecttrans.foid finished.
1785420531, 0x00000100,  0x00000001,Download dataLog.foid start.
1785420531, 0x00000100,  0x00000001,Download dataLog.foid finished.
1785420531, 0x00000100,  0x00000001,Download OpcUAServer.foid start.
1785420531, 0x00000100,  0x00000001,Download OpcUAServer.foid finished.
1785420531, 0x00000100,  0x00000001,Download sftpserver.foid start.
1785420531, 0x00000100,  0x00000001,Download sftpserver.foid finished.
1785420531, 0x00000100,  0x00000001,Download Ecam.foid start.
1785420531, 0x00000100,  0x00000001,Download Ecam.foid finished.
1785420531, 0x00000000,  0x00000001,Clean current error records.
1785420531, 0x00000700,  0x00000001,Hook 1/2: EthIPScanner: Start hook event 3.
1785420531, 0x00000700,  0x00000001,Hook 2/2: EthIPScanner: End hook event 3.
1785420531, 0x00000700,  0x00000001,Hook 1/2: EthIPAdapter: Start hook event 3.
1785420531, 0x00000700,  0x00000001,Hook 2/2: EthIPAdapter: End hook event 3.
1785420531, 0x00000100,  0x00000001,[monitor]login event:2  route:1820
1785420531, 0x00000100,  0x00000001,run status changed to RUN!!! because of control word.
1785420531, 0x00000600,  0x00000001,EtherCAT: update ecat start.
1785420531, 0x00000600,  0x00000001,EtherCAT: Start to get config data.
1785420531, 0x00000600,  0x00000001,EtherCAT: Cycle time is 4000 us.
1785420531, 0x00000600,  0x00000001,EtherCAT: There are 0 slave(s) configured.
1785420531, 0x00000600,  0x00000001,EtherCAT: offset time is 0.500000 us.
1785420531, 0x00000600,  0x00000001,EtherCAT: Get config data finished.
1785420531, 0x00000601,  0x00000001,MC Axis:Start to get configure data
1785420531, 0x00000601,  0x00000001,MC Axis:Finished! There are 0 axis(es)
1785420531, 0x00000601,  0x00000001,MC Group:Finished! There are 0 axes group(s)
1785420531, 0x00000700,  0x00000001,Update 1/11: EthIPScanner: Start updating.
1785420531, 0x00000700,  0x00000001,EthIP Stask Info [Version: V1R2C1B21SPC0  Compile Time: Mar 24 2025]
1785420531, 0x00000700,  0x00000001,Update 2/11: EthIPScanner: cancel thread done
1785420531, 0x00000700,  0x00000001,Update 3/11: EthIPScanner: clear error done
1785420531, 0x00000700,  0x00000001,Update 4/11: EthIPScanner: update iotagslist done
1785420531, 0x00000700,  0x00000001,Update 5/11: EthIPScanner: update class3tagslist done
1785420531, 0x00000700,  0x00000001,Update 6/11: EthIPScanner: update ucmmtagslist done
1785420531, 0x00000700,  0x00000001,Update 7/11: EthIPScanner: update udtlist done
1785420531, 0x00000700,  0x00000001,Update 8/11: EthIPScanner: update class3udt done
1785420531, 0x00000700,  0x00000001,Update 9/11: EthIPScanner: update ucmmudt done
1785420531, 0x00000700,  0x00000001,Update 10/11: EthIPScanner: update protocol_flag done
1785420531, 0x00000700,  0x00000001,Update 11/11: EthIPScanner: End updating.
1785420531, 0x00000700,  0x00000001,Update 1/10: EthIPAdapter: Start updating.
1785420531, 0x00000700,  0x00000001,Update 2/10: EthIPAdapter: cancel thread done
1785420531, 0x00000700,  0x00000001,Update 3/10: EthIPAdapter: clear error done
1785420531, 0x00000700,  0x00000001,Update 4/10: EthIPAdapter: update iotagslist
1785420531, 0x00000700,  0x00000001,Update 5/10: EthIPAdapter: update explicitlist done
1785420531, 0x00000700,  0x00000001,Update 6/10: EthIPAdapter: update siotags done
1785420531, 0x00000700,  0x00000001,Update 7/10: EthIPAdapter: update udtlist done
1785420531, 0x00000700,  0x00000001,Update 8/10: EthIPAdapter: update explicit_udt done
1785420531, 0x00000700,  0x00000001,Update 9/10: EthIPAdapter: update scanningtag done
1785420531, 0x00000700,  0x00000001,Update 10/10: EthIPAdapter: update protocol_flag done
1785420531, 0x00000700,  0x00000001,Update 11/10: EthIPAdapter: End updating.
1785420531, 0x00000100,  0x00000001,[FirstRun]:Mem-Variables load begin.
1785420531, 0x00000100,  0x00000001,[FirstRun]:Mem-Variables load finished.
1785420531, 0x00000600,  0x00000001,EtherCAT: Received run command.
1785420531, 0x00000700,  0x00000001,Hook 1/2: EthIPScanner: Start hook event 1.
1785420531, 0x00000700,  0x00000001,Hook run 1/4: EthIPScanner: CMP_EVT_RUN
1785420531, 0x00000700,  0x00000001,Update 1/2: EthIPScanner: update cipudtlist done
1785420531, 0x00000700,  0x00000001,Update 2/2: EthIPScanner: update cipexplicittag done
1785420531, 0x00000700,  0x00000001,Hook run 2/4: EthIPScanner: update cip config ret 0
1785420531, 0x00000700,  0x00000001,EipStackCt 1/2: EthIPScanner: Start create stack
1785420531, 0x00000700,  0x00000001,EipStackCt 2/2: EthIPScanner: bind eth index 0 ip: 0.
1785420531, 0x00000700,  0x00000001,EipStackCt 2/2: EthIPScanner: EtIPClaimHostIPAddress failed.
1785420531, 0x00000700,  0x00000001,EipStackCt 2/2: EthIPScanner: End create stack
1785420531, 0x00000700,  0x00000001,Hook run 3/4: EthIPScanner: create stack done
1785420531, 0x00000700,  0x00000001,Hook run 4/4: EthIPScanner: create thread done
1785420531, 0x00000700,  0x00000001,Hook 2/2: EthIPScanner: End hook event 1.
1785420531, 0x00000700,  0x00000001,Hook 1/2: EthIPAdapter: Start hook event 1.
1785420531, 0x00000700,  0x00000001,Hook run 1/3: EthIPAdapter: CMP_EVT_RUN
1785420531, 0x00000700,  0x00000001,Hook run 2/3: EthIPAdapter: Register scanningtag
1785420531, 0x00000700,  0x00000001,Hook run 3/3: EthIPAdapter: create thread done
1785420531, 0x00000700,  0x00000001,Hook 2/2: EthIPAdapter: End hook event 1.
1785420531, 0x00000700,  0x00000001,Hook 1/2: EthIPScanner: Start hook event 4.
1785420531, 0x00000700,  0x00000001,Hook 2/2: EthIPScanner: End hook event 4.
1785420531, 0x00000700,  0x00000001,Hook 1/2: EthIPAdapter: Start hook event 4.
1785420531, 0x00000700,  0x00000001,Hook 2/2: EthIPAdapter: End hook event 4.
1785420531, 0x00000000,  0x00000002,Warning 6706 at 8564(0x2174).
1785420531, 0x00000700,  0x00000001,ThreadRun 1/2: EthIPScanner: Start running stack
1785420531, 0x00000700,  0x00000001,ThreadRun 1/2: EthIPScanner: Start eventDeal thread
1785420531, 0x00000600,  0x00000001,EtherCAT: Start to register master.
1785420531, 0x00000600,  0x00000001,EtherCAT: Master Active
1785420610, 0x00000100,  0x00000001,Power off (simu)!
1785420610, 0x00000100,  0x00000001,run status changed to STOP!!! because of control word.
1785420610, 0x00000600,  0x00000001,EtherCAT: Received stop command.
1785420610, 0x00000700,  0x00000001,Hook 1/2: EthIPScanner: Start hook event 0.
1785420610, 0x00000700,  0x00000001,Hook stop 1/3: EthIPScanner: CMP_EVT_STOP
1785420610, 0x00000700,  0x00000001,Hook stop 2/3: EthIPScanner: cancel thread done
1785420610, 0x00000700,  0x00000001,Hook stop 3/3: EthIPScanner: clear error done
1785420610, 0x00000700,  0x00000001,Hook 2/2: EthIPScanner: End hook event 0.
1785420610, 0x00000700,  0x00000001,Hook 1/2: EthIPAdapter: Start hook event 0.
1785420610, 0x00000700,  0x00000001,Hook stop 1/5: EthIPAdapter: CMP_EVT_STOP
1785420610, 0x00000700,  0x00000001,Hook stop 2/5: EthIPAdapter: cancel thread done
1785420610, 0x00000700,  0x00000001,EipStackDlt 1/3: EthIPScanner: Start delete stack
1785420610, 0x00000700,  0x00000001,ThreadRun 2/2: EthIPScanner: End running stack
1785420610, 0x00000600,  0x00000001,EtherCAT: allowblock run_cmd_1=0
1785420610, 0x00000700,  0x00000001,ThreadRun 2/2: EthIPScanner: end eventDeal thread
1785420610, 0x00000600,  0x00000001,ECT_STATE_RUN_2_IDLE 0
1785420610, 0x00000600,  0x00000001,EtherCAT: Stop master
1785420610, 0x00000600,  0x00000001,EtherCAT: Stop master finished.
1785420610, 0x00000700,  0x00000001,EipStackDlt 2/3: EthIPScanner: EtIPScannerStop done
1785420610, 0x00000700,  0x00000001,EipStackDlt 2/3: EthIPScanner: eventcallback_Thread task stop
1785420610, 0x00000700,  0x00000001,EipStackDlt 3/3: EthIPScanner: End delete stack
1785420610, 0x00000700,  0x00000001,Hook stop 3/5: EthIPAdapter: delete stack done
1785420610, 0x00000700,  0x00000001,Hook stop 4/5: EthIPAdapter: clear adapter error done
1785420610, 0x00000700,  0x00000001,Hook stop 5/5: EthIPAdapter: clear scanner error done
1785420610, 0x00000700,  0x00000001,Hook 2/2: EthIPAdapter: End hook event 0.
1785420610, 0x00000100,  0x00000001,[Powerdown]:Run switch to stop time: 30ms.
1785420610, 0x00000100,  0x00000001,[Powerdown]:Variables data save begin.
1785420610, 0x00000100,  0x00000001,[Powerdown]:Variables data save finished.
1785421169, 0x00000100,  0x00000001,[monitor]login event:0  route:1824
1785421169, 0x00000100,  0x00000001,[monitor]login event:1  route:1824
1785421169, 0x00000100,  0x00000001,Download project\project.hcpp start.
1785421169, 0x00000100,  0x00000001,Download project\project.hcpp finished.
1785421169, 0x00000100,  0x00000001,Download userprog.foid start.
1785421169, 0x00000100,  0x00000001,Download userprog.foid finished.
1785421169, 0x00000100,  0x00000001,Download stprog.o start.
1785421169, 0x00000100,  0x00000001,Download stprog.o finished.
1785421169, 0x00000100,  0x00000001,Download stuserprog.o start.
1785421169, 0x00000100,  0x00000001,Download stuserprog.o finished.
1785421169, 0x00000100,  0x00000001,Download symbol.sym start.
1785421169, 0x00000100,  0x00000001,Download symbol.sym finished.
1785421169, 0x00000100,  0x00000001,Download varsinfo.foid start.
1785421169, 0x00000100,  0x00000001,Download varsinfo.foid finished.
1785421169, 0x00000100,  0x00000001,Download syscfg.foid start.
1785421169, 0x00000100,  0x00000001,Download syscfg.foid finished.
1785421169, 0x00000100,  0x00000001,Download ethercat.foid start.
1785421169, 0x00000100,  0x00000001,Download ethercat.foid finished.
1785421169, 0x00000100,  0x00000001,Download modbus.foid start.
1785421169, 0x00000100,  0x00000001,Download modbus.foid finished.
1785421169, 0x00000100,  0x00000001,Download canlink.foid start.
1785421169, 0x00000100,  0x00000001,Download canlink.foid finished.
1785421169, 0x00000100,  0x00000001,Download modcfg.foid start.
1785421169, 0x00000100,  0x00000001,Download modcfg.foid finished.
1785421169, 0x00000100,  0x00000001,Download ethip.foid start.
1785421169, 0x00000100,  0x00000001,Download ethip.foid finished.
1785421169, 0x00000100,  0x00000001,Download EIPIns.foid start.
1785421169, 0x00000100,  0x00000001,Download EIPIns.foid finished.
1785421169, 0x00000100,  0x00000001,Download ecttrans.foid start.
1785421169, 0x00000100,  0x00000001,Download ecttrans.foid finished.
1785421169, 0x00000100,  0x00000001,Download dataLog.foid start.
1785421169, 0x00000100,  0x00000001,Download dataLog.foid finished.
1785421169, 0x00000100,  0x00000001,Download OpcUAServer.foid start.
1785421169, 0x00000100,  0x00000001,Download OpcUAServer.foid finished.
1785421169, 0x00000100,  0x00000001,Download sftpserver.foid start.
1785421169, 0x00000100,  0x00000001,Download sftpserver.foid finished.
1785421169, 0x00000100,  0x00000001,Download Ecam.foid start.
1785421169, 0x00000100,  0x00000001,Download Ecam.foid finished.
1785421170, 0x00000000,  0x00000001,Clean current error records.
1785421170, 0x00000700,  0x00000001,Hook 1/2: EthIPScanner: Start hook event 3.
1785421170, 0x00000700,  0x00000001,Hook 2/2: EthIPScanner: End hook event 3.
1785421170, 0x00000700,  0x00000001,Hook 1/2: EthIPAdapter: Start hook event 3.
1785421170, 0x00000700,  0x00000001,Hook 2/2: EthIPAdapter: End hook event 3.
1785421170, 0x00000100,  0x00000001,[monitor]login event:2  route:1824
1785421170, 0x00000100,  0x00000001,run status changed to RUN!!! because of control word.
1785421170, 0x00000600,  0x00000001,EtherCAT: update ecat start.
1785421170, 0x00000600,  0x00000001,EtherCAT: Start to get config data.
1785421170, 0x00000600,  0x00000001,EtherCAT: Cycle time is 4000 us.
1785421170, 0x00000600,  0x00000001,EtherCAT: There are 0 slave(s) configured.
1785421170, 0x00000600,  0x00000001,EtherCAT: offset time is 0.500000 us.
1785421170, 0x00000600,  0x00000001,EtherCAT: Get config data finished.
1785421170, 0x00000601,  0x00000001,MC Axis:Start to get configure data
1785421170, 0x00000601,  0x00000001,MC Axis:Finished! There are 0 axis(es)
1785421170, 0x00000601,  0x00000001,MC Group:Finished! There are 0 axes group(s)
1785421170, 0x00000700,  0x00000001,Update 1/11: EthIPScanner: Start updating.
1785421170, 0x00000700,  0x00000001,EthIP Stask Info [Version: V1R2C1B21SPC0  Compile Time: Mar 24 2025]
1785421170, 0x00000700,  0x00000001,Update 2/11: EthIPScanner: cancel thread done
1785421170, 0x00000700,  0x00000001,Update 3/11: EthIPScanner: clear error done
1785421170, 0x00000700,  0x00000001,Update 4/11: EthIPScanner: update iotagslist done
1785421170, 0x00000700,  0x00000001,Update 5/11: EthIPScanner: update class3tagslist done
1785421170, 0x00000700,  0x00000001,Update 6/11: EthIPScanner: update ucmmtagslist done
1785421170, 0x00000700,  0x00000001,Update 7/11: EthIPScanner: update udtlist done
1785421170, 0x00000700,  0x00000001,Update 8/11: EthIPScanner: update class3udt done
1785421170, 0x00000700,  0x00000001,Update 9/11: EthIPScanner: update ucmmudt done
1785421170, 0x00000700,  0x00000001,Update 10/11: EthIPScanner: update protocol_flag done
1785421170, 0x00000700,  0x00000001,Update 11/11: EthIPScanner: End updating.
1785421170, 0x00000700,  0x00000001,Update 1/10: EthIPAdapter: Start updating.
1785421170, 0x00000700,  0x00000001,Update 2/10: EthIPAdapter: cancel thread done
1785421170, 0x00000700,  0x00000001,Update 3/10: EthIPAdapter: clear error done
1785421170, 0x00000700,  0x00000001,Update 4/10: EthIPAdapter: update iotagslist
1785421170, 0x00000700,  0x00000001,Update 5/10: EthIPAdapter: update explicitlist done
1785421170, 0x00000700,  0x00000001,Update 6/10: EthIPAdapter: update siotags done
1785421170, 0x00000700,  0x00000001,Update 7/10: EthIPAdapter: update udtlist done
1785421170, 0x00000700,  0x00000001,Update 8/10: EthIPAdapter: update explicit_udt done
1785421170, 0x00000700,  0x00000001,Update 9/10: EthIPAdapter: update scanningtag done
1785421170, 0x00000700,  0x00000001,Update 10/10: EthIPAdapter: update protocol_flag done
1785421170, 0x00000700,  0x00000001,Update 11/10: EthIPAdapter: End updating.
1785421170, 0x00000100,  0x00000001,[FirstRun]:Mem-Variables load begin.
1785421170, 0x00000100,  0x00000001,[FirstRun]:Mem-Variables load finished.
1785421170, 0x00000600,  0x00000001,EtherCAT: Received run command.
1785421170, 0x00000700,  0x00000001,Hook 1/2: EthIPScanner: Start hook event 1.
1785421170, 0x00000700,  0x00000001,Hook run 1/4: EthIPScanner: CMP_EVT_RUN
1785421170, 0x00000700,  0x00000001,Update 1/2: EthIPScanner: update cipudtlist done
1785421170, 0x00000700,  0x00000001,Update 2/2: EthIPScanner: update cipexplicittag done
1785421170, 0x00000700,  0x00000001,Hook run 2/4: EthIPScanner: update cip config ret 0
1785421170, 0x00000700,  0x00000001,EipStackCt 1/2: EthIPScanner: Start create stack
1785421170, 0x00000700,  0x00000001,EipStackCt 2/2: EthIPScanner: bind eth index 0 ip: 0.
1785421170, 0x00000700,  0x00000001,EipStackCt 2/2: EthIPScanner: EtIPClaimHostIPAddress failed.
1785421170, 0x00000700,  0x00000001,EipStackCt 2/2: EthIPScanner: End create stack
1785421170, 0x00000700,  0x00000001,Hook run 3/4: EthIPScanner: create stack done
1785421170, 0x00000700,  0x00000001,Hook run 4/4: EthIPScanner: create thread done
1785421170, 0x00000700,  0x00000001,Hook 2/2: EthIPScanner: End hook event 1.
1785421170, 0x00000700,  0x00000001,Hook 1/2: EthIPAdapter: Start hook event 1.
1785421170, 0x00000700,  0x00000001,Hook run 1/3: EthIPAdapter: CMP_EVT_RUN
1785421170, 0x00000700,  0x00000001,Hook run 2/3: EthIPAdapter: Register scanningtag
1785421170, 0x00000700,  0x00000001,Hook run 3/3: EthIPAdapter: create thread done
1785421170, 0x00000700,  0x00000001,Hook 2/2: EthIPAdapter: End hook event 1.
1785421170, 0x00000700,  0x00000001,Hook 1/2: EthIPScanner: Start hook event 4.
1785421170, 0x00000700,  0x00000001,Hook 2/2: EthIPScanner: End hook event 4.
1785421170, 0x00000700,  0x00000001,Hook 1/2: EthIPAdapter: Start hook event 4.
1785421170, 0x00000700,  0x00000001,Hook 2/2: EthIPAdapter: End hook event 4.
1785421170, 0x00000000,  0x00000002,Warning 6706 at 8568(0x2178).
1785421170, 0x00000700,  0x00000001,ThreadRun 1/2: EthIPScanner: Start eventDeal thread
1785421170, 0x00000700,  0x00000001,ThreadRun 1/2: EthIPScanner: Start running stack
1785421170, 0x00000600,  0x00000001,EtherCAT: Start to register master.
1785421170, 0x00000600,  0x00000001,EtherCAT: Master Active
1785421181, 0x00000100,  0x00000001,Power off (simu)!
1785421181, 0x00000100,  0x00000001,run status changed to STOP!!! because of control word.
1785421181, 0x00000600,  0x00000001,EtherCAT: Received stop command.
1785421181, 0x00000700,  0x00000001,Hook 1/2: EthIPScanner: Start hook event 0.
1785421181, 0x00000700,  0x00000001,Hook stop 1/3: EthIPScanner: CMP_EVT_STOP
1785421181, 0x00000700,  0x00000001,Hook stop 2/3: EthIPScanner: cancel thread done
1785421181, 0x00000700,  0x00000001,Hook stop 3/3: EthIPScanner: clear error done
1785421181, 0x00000700,  0x00000001,Hook 2/2: EthIPScanner: End hook event 0.
1785421181, 0x00000700,  0x00000001,Hook 1/2: EthIPAdapter: Start hook event 0.
1785421181, 0x00000700,  0x00000001,Hook stop 1/5: EthIPAdapter: CMP_EVT_STOP
1785421181, 0x00000700,  0x00000001,Hook stop 2/5: EthIPAdapter: cancel thread done
1785421181, 0x00000700,  0x00000001,EipStackDlt 1/3: EthIPScanner: Start delete stack
1785421181, 0x00000600,  0x00000001,EtherCAT: allowblock run_cmd_1=0
1785421181, 0x00000700,  0x00000001,ThreadRun 2/2: EthIPScanner: end eventDeal thread
1785421181, 0x00000700,  0x00000001,ThreadRun 2/2: EthIPScanner: End running stack
1785421181, 0x00000600,  0x00000001,ECT_STATE_RUN_2_IDLE 0
1785421181, 0x00000600,  0x00000001,EtherCAT: Stop master
1785421181, 0x00000600,  0x00000001,EtherCAT: Stop master finished.
1785421181, 0x00000700,  0x00000001,EipStackDlt 2/3: EthIPScanner: EtIPScannerStop done
1785421181, 0x00000700,  0x00000001,EipStackDlt 2/3: EthIPScanner: eventcallback_Thread task stop
1785421181, 0x00000700,  0x00000001,EipStackDlt 3/3: EthIPScanner: End delete stack
1785421181, 0x00000700,  0x00000001,Hook stop 3/5: EthIPAdapter: delete stack done
1785421181, 0x00000700,  0x00000001,Hook stop 4/5: EthIPAdapter: clear adapter error done
1785421181, 0x00000700,  0x00000001,Hook stop 5/5: EthIPAdapter: clear scanner error done
1785421181, 0x00000700,  0x00000001,Hook 2/2: EthIPAdapter: End hook event 0.
1785421181, 0x00000100,  0x00000001,[Powerdown]:Run switch to stop time: 20ms.
1785421181, 0x00000100,  0x00000001,[Powerdown]:Variables data save begin.
1785421181, 0x00000100,  0x00000001,[Powerdown]:Variables data save finished.
